Date,Store ID,Product ID,Forecast_Demand,Selected_Model
2024-01-01,S001,P0001,83.15222966291005,"ARIMA(1,0,1)"
2024-01-02,S001,P0001,83.80105331658994,"ARIMA(1,0,1)"
2024-01-03,S001,P0001,84.4067451284388,"ARIMA(1,0,1)"
2024-01-04,S001,P0001,84.97217237336127,"ARIMA(1,0,1)"
2024-01-05,S001,P0001,85.50001171846439,"ARIMA(1,0,1)"
2024-01-06,S001,P0001,85.9927618940897,"ARIMA(1,0,1)"
2024-01-07,S001,P0001,86.4527555225134,"ARIMA(1,0,1)"
2024-01-08,S001,P0001,86.8821701603101,"ARIMA(1,0,1)"
2024-01-09,S001,P0001,87.2830386066535,"ARIMA(1,0,1)"
2024-01-10,S001,P0001,87.65725852635231,"ARIMA(1,0,1)"
2024-01-11,S001,P0001,88.00660143317569,"ARIMA(1,0,1)"
2024-01-12,S001,P0001,88.33272107599437,"ARIMA(1,0,1)"
2024-01-13,S001,P0001,88.6371612674363,"ARIMA(1,0,1)"
2024-01-14,S001,P0001,88.92136319211683,"ARIMA(1,0,1)"
2024-01-15,S001,P0001,89.18667222903983,"ARIMA(1,0,1)"
2024-01-16,S001,P0001,89.43434432046617,"ARIMA(1,0,1)"
2024-01-17,S001,P0001,89.66555191739884,"ARIMA(1,0,1)"
2024-01-18,S001,P0001,89.88138952983039,"ARIMA(1,0,1)"
2024-01-19,S001,P0001,90.08287890802634,"ARIMA(1,0,1)"
2024-01-20,S001,P0001,90.27097387937279,"ARIMA(1,0,1)"
2024-01-21,S001,P0001,90.44656486368467,"ARIMA(1,0,1)"
2024-01-22,S001,P0001,90.61048308835016,"ARIMA(1,0,1)"
2024-01-23,S001,P0001,90.76350452326487,"ARIMA(1,0,1)"
2024-01-24,S001,P0001,90.9063535541834,"ARIMA(1,0,1)"
2024-01-25,S001,P0001,91.03970641187775,"ARIMA(1,0,1)"
2024-01-26,S001,P0001,91.1641943733354,"ARIMA(1,0,1)"
2024-01-27,S001,P0001,91.28040675015151,"ARIMA(1,0,1)"
2024-01-28,S001,P0001,91.38889367826178,"ARIMA(1,0,1)"
2024-01-29,S001,P0001,91.49016872222225,"ARIMA(1,0,1)"
2024-01-30,S001,P0001,91.58471130636447,"ARIMA(1,0,1)"
2024-01-01,S001,P0002,136.97666666666666,RandomForest
2024-01-02,S001,P0002,131.88333333333333,RandomForest
2024-01-03,S001,P0002,139.35666666666665,RandomForest
2024-01-04,S001,P0002,128.41666666666666,RandomForest
2024-01-05,S001,P0002,142.05333333333334,RandomForest
2024-01-06,S001,P0002,136.91666666666666,RandomForest
2024-01-07,S001,P0002,130.55333333333334,RandomForest
2024-01-08,S001,P0002,120.14,RandomForest
2024-01-09,S001,P0002,147.61,RandomForest
2024-01-10,S001,P0002,133.90333333333334,RandomForest
2024-01-11,S001,P0002,137.94333333333333,RandomForest
2024-01-12,S001,P0002,139.19666666666666,RandomForest
2024-01-13,S001,P0002,137.43,RandomForest
2024-01-14,S001,P0002,134.85333333333332,RandomForest
2024-01-15,S001,P0002,130.46333333333334,RandomForest
2024-01-16,S001,P0002,138.84333333333333,RandomForest
2024-01-17,S001,P0002,139.22,RandomForest
2024-01-18,S001,P0002,132.56,RandomForest
2024-01-19,S001,P0002,137.56666666666666,RandomForest
2024-01-20,S001,P0002,137.79666666666665,RandomForest
2024-01-21,S001,P0002,133.52666666666667,RandomForest
2024-01-22,S001,P0002,132.4,RandomForest
2024-01-23,S001,P0002,136.77333333333334,RandomForest
2024-01-24,S001,P0002,135.43333333333334,RandomForest
2024-01-25,S001,P0002,135.61333333333334,RandomForest
2024-01-26,S001,P0002,134.71666666666667,RandomForest
2024-01-27,S001,P0002,135.00333333333333,RandomForest
2024-01-28,S001,P0002,135.25666666666666,RandomForest
2024-01-29,S001,P0002,123.39,RandomForest
2024-01-30,S001,P0002,118.23333333333333,RandomForest
2024-01-01,S001,P0003,4.0,Naive
2024-01-02,S001,P0003,4.0,Naive
2024-01-03,S001,P0003,4.0,Naive
2024-01-04,S001,P0003,4.0,Naive
2024-01-05,S001,P0003,4.0,Naive
2024-01-06,S001,P0003,4.0,Naive
2024-01-07,S001,P0003,4.0,Naive
2024-01-08,S001,P0003,4.0,Naive
2024-01-09,S001,P0003,4.0,Naive
2024-01-10,S001,P0003,4.0,Naive
2024-01-11,S001,P0003,4.0,Naive
2024-01-12,S001,P0003,4.0,Naive
2024-01-13,S001,P0003,4.0,Naive
2024-01-14,S001,P0003,4.0,Naive
2024-01-15,S001,P0003,4.0,Naive
2024-01-16,S001,P0003,4.0,Naive
2024-01-17,S001,P0003,4.0,Naive
2024-01-18,S001,P0003,4.0,Naive
2024-01-19,S001,P0003,4.0,Naive
2024-01-20,S001,P0003,4.0,Naive
2024-01-21,S001,P0003,4.0,Naive
2024-01-22,S001,P0003,4.0,Naive
2024-01-23,S001,P0003,4.0,Naive
2024-01-24,S001,P0003,4.0,Naive
2024-01-25,S001,P0003,4.0,Naive
2024-01-26,S001,P0003,4.0,Naive
2024-01-27,S001,P0003,4.0,Naive
2024-01-28,S001,P0003,4.0,Naive
2024-01-29,S001,P0003,4.0,Naive
2024-01-30,S001,P0003,4.0,Naive
2024-01-01,S001,P0004,74.29465071934442,"ARIMA(1,0,1)"
2024-01-02,S001,P0004,75.72468270637513,"ARIMA(1,0,1)"
2024-01-03,S001,P0004,77.04276415885751,"ARIMA(1,0,1)"
2024-01-04,S001,P0004,78.25765916200034,"ARIMA(1,0,1)"
2024-01-05,S001,P0004,79.37744570165742,"ARIMA(1,0,1)"
2024-01-06,S001,P0004,80.40956937584606,"ARIMA(1,0,1)"
2024-01-07,S001,P0004,81.36089290144128,"ARIMA(1,0,1)"
2024-01-08,S001,P0004,82.2377417452219,"ARIMA(1,0,1)"
2024-01-09,S001,P0004,83.04594618267483,"ARIMA(1,0,1)"
2024-01-10,S001,P0004,83.79088006421168,"ARIMA(1,0,1)"
2024-01-11,S001,P0004,84.47749654655915,"ARIMA(1,0,1)"
2024-01-12,S001,P0004,85.11036102690555,"ARIMA(1,0,1)"
2024-01-13,S001,P0004,85.69368149878639,"ARIMA(1,0,1)"
2024-01-14,S001,P0004,86.23133653154959,"ARIMA(1,0,1)"
2024-01-15,S001,P0004,86.72690105943853,"ARIMA(1,0,1)"
2024-01-16,S001,P0004,87.18367015176833,"ARIMA(1,0,1)"
2024-01-17,S001,P0004,87.6046809222457,"ARIMA(1,0,1)"
2024-01-18,S001,P0004,87.99273272311052,"ARIMA(1,0,1)"
2024-01-19,S001,P0004,88.350405758372,"ARIMA(1,0,1)"
2024-01-20,S001,P0004,88.68007823990169,"ARIMA(1,0,1)"
2024-01-21,S001,P0004,88.98394220045572,"ARIMA(1,0,1)"
2024-01-22,S001,P0004,89.26401806876949,"ARIMA(1,0,1)"
2024-01-23,S001,P0004,89.52216810363606,"ARIMA(1,0,1)"
2024-01-24,S001,P0004,89.76010877629318,"ARIMA(1,0,1)"
2024-01-25,S001,P0004,89.97942218345112,"ARIMA(1,0,1)"
2024-01-26,S001,P0004,90.18156656684761,"ARIMA(1,0,1)"
2024-01-27,S001,P0004,90.36788600927606,"ARIMA(1,0,1)"
2024-01-28,S001,P0004,90.5396193715568,"ARIMA(1,0,1)"
2024-01-29,S001,P0004,90.69790852987462,"ARIMA(1,0,1)"
2024-01-30,S001,P0004,90.8438059682536,"ARIMA(1,0,1)"
2024-01-01,S001,P0005,91.64702588524867,HistGradientBoosting
2024-01-02,S001,P0005,98.83613935597278,HistGradientBoosting
2024-01-03,S001,P0005,100.74744119192586,HistGradientBoosting
2024-01-04,S001,P0005,101.55395806267413,HistGradientBoosting
2024-01-05,S001,P0005,109.58014332664445,HistGradientBoosting
2024-01-06,S001,P0005,102.74040407178441,HistGradientBoosting
2024-01-07,S001,P0005,108.87423343823924,HistGradientBoosting
2024-01-08,S001,P0005,109.62552807389773,HistGradientBoosting
2024-01-09,S001,P0005,112.20203190684957,HistGradientBoosting
2024-01-10,S001,P0005,113.41263191543175,HistGradientBoosting
2024-01-11,S001,P0005,120.72464633059359,HistGradientBoosting
2024-01-12,S001,P0005,119.976841721618,HistGradientBoosting
2024-01-13,S001,P0005,123.77271953482807,HistGradientBoosting
2024-01-14,S001,P0005,123.86252121684109,HistGradientBoosting
2024-01-15,S001,P0005,123.28766225776607,HistGradientBoosting
2024-01-16,S001,P0005,124.69250503825177,HistGradientBoosting
2024-01-17,S001,P0005,124.97359323781455,HistGradientBoosting
2024-01-18,S001,P0005,125.74543145865375,HistGradientBoosting
2024-01-19,S001,P0005,125.80048689960063,HistGradientBoosting
2024-01-20,S001,P0005,125.86287931512929,HistGradientBoosting
2024-01-21,S001,P0005,125.77959466829628,HistGradientBoosting
2024-01-22,S001,P0005,122.21532657785329,HistGradientBoosting
2024-01-23,S001,P0005,122.56394854396949,HistGradientBoosting
2024-01-24,S001,P0005,122.84952305552468,HistGradientBoosting
2024-01-25,S001,P0005,120.51215930204879,HistGradientBoosting
2024-01-26,S001,P0005,120.70999481552607,HistGradientBoosting
2024-01-27,S001,P0005,120.27930786820673,HistGradientBoosting
2024-01-28,S001,P0005,117.25568114034449,HistGradientBoosting
2024-01-29,S001,P0005,101.20871116469999,HistGradientBoosting
2024-01-30,S001,P0005,99.87687478289752,HistGradientBoosting
2024-01-01,S001,P0006,37.44920432307987,HistGradientBoosting
2024-01-02,S001,P0006,44.20230905480227,HistGradientBoosting
2024-01-03,S001,P0006,42.15859915520995,HistGradientBoosting
2024-01-04,S001,P0006,40.85012809040918,HistGradientBoosting
2024-01-05,S001,P0006,40.41670940772287,HistGradientBoosting
2024-01-06,S001,P0006,41.06765506106305,HistGradientBoosting
2024-01-07,S001,P0006,41.420615858082236,HistGradientBoosting
2024-01-08,S001,P0006,41.52715314021118,HistGradientBoosting
2024-01-09,S001,P0006,41.9619097083006,HistGradientBoosting
2024-01-10,S001,P0006,42.35922556005442,HistGradientBoosting
2024-01-11,S001,P0006,42.04651567447211,HistGradientBoosting
2024-01-12,S001,P0006,40.03872475069539,HistGradientBoosting
2024-01-13,S001,P0006,39.54464004627383,HistGradientBoosting
2024-01-14,S001,P0006,41.013503629874855,HistGradientBoosting
2024-01-15,S001,P0006,40.81820985005262,HistGradientBoosting
2024-01-16,S001,P0006,41.475194607286184,HistGradientBoosting
2024-01-17,S001,P0006,42.190984307112565,HistGradientBoosting
2024-01-18,S001,P0006,40.4233236115622,HistGradientBoosting
2024-01-19,S001,P0006,40.44629878111827,HistGradientBoosting
2024-01-20,S001,P0006,39.59115577001302,HistGradientBoosting
2024-01-21,S001,P0006,41.060019353614045,HistGradientBoosting
2024-01-22,S001,P0006,34.56663722833302,HistGradientBoosting
2024-01-23,S001,P0006,34.65394271859975,HistGradientBoosting
2024-01-24,S001,P0006,36.37514510556036,HistGradientBoosting
2024-01-25,S001,P0006,42.51565741548856,HistGradientBoosting
2024-01-26,S001,P0006,38.99789346639958,HistGradientBoosting
2024-01-27,S001,P0006,42.590393631816475,HistGradientBoosting
2024-01-28,S001,P0006,39.6970250710566,HistGradientBoosting
2024-01-29,S001,P0006,35.267013780036365,HistGradientBoosting
2024-01-30,S001,P0006,29.87514772565814,HistGradientBoosting
2024-01-01,S001,P0007,108.10333333333334,RandomForest
2024-01-02,S001,P0007,110.11,RandomForest
2024-01-03,S001,P0007,123.05,RandomForest
2024-01-04,S001,P0007,115.81333333333333,RandomForest
2024-01-05,S001,P0007,113.31333333333333,RandomForest
2024-01-06,S001,P0007,119.15666666666667,RandomForest
2024-01-07,S001,P0007,133.81,RandomForest
2024-01-08,S001,P0007,122.45,RandomForest
2024-01-09,S001,P0007,125.48333333333333,RandomForest
2024-01-10,S001,P0007,130.78333333333333,RandomForest
2024-01-11,S001,P0007,136.05,RandomForest
2024-01-12,S001,P0007,126.24666666666667,RandomForest
2024-01-13,S001,P0007,131.67333333333335,RandomForest
2024-01-14,S001,P0007,122.84,RandomForest
2024-01-15,S001,P0007,130.12,RandomForest
2024-01-16,S001,P0007,125.54,RandomForest
2024-01-17,S001,P0007,125.47666666666667,RandomForest
2024-01-18,S001,P0007,138.21666666666667,RandomForest
2024-01-19,S001,P0007,130.32333333333332,RandomForest
2024-01-20,S001,P0007,127.45,RandomForest
2024-01-21,S001,P0007,133.11,RandomForest
2024-01-22,S001,P0007,123.49333333333334,RandomForest
2024-01-23,S001,P0007,129.62666666666667,RandomForest
2024-01-24,S001,P0007,130.85,RandomForest
2024-01-25,S001,P0007,126.49,RandomForest
2024-01-26,S001,P0007,130.76666666666668,RandomForest
2024-01-27,S001,P0007,121.90666666666667,RandomForest
2024-01-28,S001,P0007,114.90666666666667,RandomForest
2024-01-29,S001,P0007,91.46,RandomForest
2024-01-30,S001,P0007,86.64333333333333,RandomForest
2024-01-01,S001,P0008,73.52608960640035,"ARIMA(1,0,1)"
2024-01-02,S001,P0008,75.58823370420942,"ARIMA(1,0,1)"
2024-01-03,S001,P0008,77.43085572210282,"ARIMA(1,0,1)"
2024-01-04,S001,P0008,79.07732451370325,"ARIMA(1,0,1)"
2024-01-05,S001,P0008,80.5485212406442,"ARIMA(1,0,1)"
2024-01-06,S001,P0008,81.86310419563476,"ARIMA(1,0,1)"
2024-01-07,S001,P0008,83.03774543423033,"ARIMA(1,0,1)"
2024-01-08,S001,P0008,84.08734221636666,"ARIMA(1,0,1)"
2024-01-09,S001,P0008,85.02520593924098,"ARIMA(1,0,1)"
2024-01-10,S001,P0008,85.86323095766124,"ARIMA(1,0,1)"
2024-01-11,S001,P0008,86.61204543290928,"ARIMA(1,0,1)"
2024-01-12,S001,P0008,87.2811461232419,"ARIMA(1,0,1)"
2024-01-13,S001,P0008,87.87901882549605,"ARIMA(1,0,1)"
2024-01-14,S001,P0008,88.41324599528568,"ARIMA(1,0,1)"
2024-01-15,S001,P0008,88.89060291067153,"ARIMA(1,0,1)"
2024-01-16,S001,P0008,89.31714359888929,"ARIMA(1,0,1)"
2024-01-17,S001,P0008,89.69827761589251,"ARIMA(1,0,1)"
2024-01-18,S001,P0008,90.0388386524585,"ARIMA(1,0,1)"
2024-01-19,S001,P0008,90.34314583694663,"ARIMA(1,0,1)"
2024-01-20,S001,P0008,90.61505851217468,"ARIMA(1,0,1)"
2024-01-21,S001,P0008,90.85802518111497,"ARIMA(1,0,1)"
2024-01-22,S001,P0008,91.07512724215873,"ARIMA(1,0,1)"
2024-01-23,S001,P0008,91.26911806861663,"ARIMA(1,0,1)"
2024-01-24,S001,P0008,91.44245792807672,"ARIMA(1,0,1)"
2024-01-25,S001,P0008,91.5973451844809,"ARIMA(1,0,1)"
2024-01-26,S001,P0008,91.73574417863688,"ARIMA(1,0,1)"
2024-01-27,S001,P0008,91.85941014075709,"ARIMA(1,0,1)"
2024-01-28,S001,P0008,91.96991145097533,"ARIMA(1,0,1)"
2024-01-29,S001,P0008,92.06864953015733,"ARIMA(1,0,1)"
2024-01-30,S001,P0008,92.15687661326884,"ARIMA(1,0,1)"
2024-01-01,S001,P0009,146.0,Naive
2024-01-02,S001,P0009,146.0,Naive
2024-01-03,S001,P0009,146.0,Naive
2024-01-04,S001,P0009,146.0,Naive
2024-01-05,S001,P0009,146.0,Naive
2024-01-06,S001,P0009,146.0,Naive
2024-01-07,S001,P0009,146.0,Naive
2024-01-08,S001,P0009,146.0,Naive
2024-01-09,S001,P0009,146.0,Naive
2024-01-10,S001,P0009,146.0,Naive
2024-01-11,S001,P0009,146.0,Naive
2024-01-12,S001,P0009,146.0,Naive
2024-01-13,S001,P0009,146.0,Naive
2024-01-14,S001,P0009,146.0,Naive
2024-01-15,S001,P0009,146.0,Naive
2024-01-16,S001,P0009,146.0,Naive
2024-01-17,S001,P0009,146.0,Naive
2024-01-18,S001,P0009,146.0,Naive
2024-01-19,S001,P0009,146.0,Naive
2024-01-20,S001,P0009,146.0,Naive
2024-01-21,S001,P0009,146.0,Naive
2024-01-22,S001,P0009,146.0,Naive
2024-01-23,S001,P0009,146.0,Naive
2024-01-24,S001,P0009,146.0,Naive
2024-01-25,S001,P0009,146.0,Naive
2024-01-26,S001,P0009,146.0,Naive
2024-01-27,S001,P0009,146.0,Naive
2024-01-28,S001,P0009,146.0,Naive
2024-01-29,S001,P0009,146.0,Naive
2024-01-30,S001,P0009,146.0,Naive
2024-01-01,S001,P0010,82.0,SeasonalNaive7
2024-01-02,S001,P0010,73.0,SeasonalNaive7
2024-01-03,S001,P0010,45.0,SeasonalNaive7
2024-01-04,S001,P0010,29.0,SeasonalNaive7
2024-01-05,S001,P0010,20.0,SeasonalNaive7
2024-01-06,S001,P0010,23.0,SeasonalNaive7
2024-01-07,S001,P0010,58.0,SeasonalNaive7
2024-01-08,S001,P0010,82.0,SeasonalNaive7
2024-01-09,S001,P0010,73.0,SeasonalNaive7
2024-01-10,S001,P0010,45.0,SeasonalNaive7
2024-01-11,S001,P0010,29.0,SeasonalNaive7
2024-01-12,S001,P0010,20.0,SeasonalNaive7
2024-01-13,S001,P0010,23.0,SeasonalNaive7
2024-01-14,S001,P0010,58.0,SeasonalNaive7
2024-01-15,S001,P0010,82.0,SeasonalNaive7
2024-01-16,S001,P0010,73.0,SeasonalNaive7
2024-01-17,S001,P0010,45.0,SeasonalNaive7
2024-01-18,S001,P0010,29.0,SeasonalNaive7
2024-01-19,S001,P0010,20.0,SeasonalNaive7
2024-01-20,S001,P0010,23.0,SeasonalNaive7
2024-01-21,S001,P0010,58.0,SeasonalNaive7
2024-01-22,S001,P0010,82.0,SeasonalNaive7
2024-01-23,S001,P0010,73.0,SeasonalNaive7
2024-01-24,S001,P0010,45.0,SeasonalNaive7
2024-01-25,S001,P0010,29.0,SeasonalNaive7
2024-01-26,S001,P0010,20.0,SeasonalNaive7
2024-01-27,S001,P0010,23.0,SeasonalNaive7
2024-01-28,S001,P0010,58.0,SeasonalNaive7
2024-01-29,S001,P0010,82.0,SeasonalNaive7
2024-01-30,S001,P0010,73.0,SeasonalNaive7
2024-01-01,S001,P0011,52.41838665568757,"ARIMA(1,0,1)"
2024-01-02,S001,P0011,53.8029095054106,"ARIMA(1,0,1)"
2024-01-03,S001,P0011,55.0995839378601,"ARIMA(1,0,1)"
2024-01-04,S001,P0011,56.313983963186246,"ARIMA(1,0,1)"
2024-01-05,S001,P0011,57.451329918813826,"ARIMA(1,0,1)"
2024-01-06,S001,P0011,58.51651091008975,"ARIMA(1,0,1)"
2024-01-07,S001,P0011,59.51410582706423,"ARIMA(1,0,1)"
2024-01-08,S001,P0011,60.44840302775051,"ARIMA(1,0,1)"
2024-01-09,S001,P0011,61.32341877247542,"ARIMA(1,0,1)"
2024-01-10,S001,P0011,62.14291448856457,"ARIMA(1,0,1)"
2024-01-11,S001,P0011,62.9104129395777,"ARIMA(1,0,1)"
2024-01-12,S001,P0011,63.6292133686009,"ARIMA(1,0,1)"
2024-01-13,S001,P0011,64.30240568069209,"ARIMA(1,0,1)"
2024-01-14,S001,P0011,64.9328837254458,"ARIMA(1,0,1)"
2024-01-15,S001,P0011,65.52335773677501,"ARIMA(1,0,1)"
2024-01-16,S001,P0011,66.07636598338479,"ARIMA(1,0,1)"
2024-01-17,S001,P0011,66.59428568001968,"ARIMA(1,0,1)"
2024-01-18,S001,P0011,67.07934320638901,"ARIMA(1,0,1)"
2024-01-19,S001,P0011,67.53362367769806,"ARIMA(1,0,1)"
2024-01-20,S001,P0011,67.95907990792597,"ARIMA(1,0,1)"
2024-01-21,S001,P0011,68.35754080438083,"ARIMA(1,0,1)"
2024-01-22,S001,P0011,68.73071922961759,"ARIMA(1,0,1)"
2024-01-23,S001,P0011,69.08021936451466,"ARIMA(1,0,1)"
2024-01-24,S001,P0011,69.40754360416108,"ARIMA(1,0,1)"
2024-01-25,S001,P0011,69.71409901619735,"ARIMA(1,0,1)"
2024-01-26,S001,P0011,70.00120338937256,"ARIMA(1,0,1)"
2024-01-27,S001,P0011,70.27009089831847,"ARIMA(1,0,1)"
2024-01-28,S001,P0011,70.52191740889211,"ARIMA(1,0,1)"
2024-01-29,S001,P0011,70.75776544689245,"ARIMA(1,0,1)"
2024-01-30,S001,P0011,70.97864885151057,"ARIMA(1,0,1)"
2024-01-01,S001,P0012,93.95683893884156,HistGradientBoosting
2024-01-02,S001,P0012,103.31476330306695,HistGradientBoosting
2024-01-03,S001,P0012,102.62249995839385,HistGradientBoosting
2024-01-04,S001,P0012,101.15956603911737,HistGradientBoosting
2024-01-05,S001,P0012,105.36843654323442,HistGradientBoosting
2024-01-06,S001,P0012,103.51377103733921,HistGradientBoosting
2024-01-07,S001,P0012,114.39409181620503,HistGradientBoosting
2024-01-08,S001,P0012,114.22650915149674,HistGradientBoosting
2024-01-09,S001,P0012,112.78703229842684,HistGradientBoosting
2024-01-10,S001,P0012,116.00428435912988,HistGradientBoosting
2024-01-11,S001,P0012,118.00749965768352,HistGradientBoosting
2024-01-12,S001,P0012,119.58031410352777,HistGradientBoosting
2024-01-13,S001,P0012,121.47698955206916,HistGradientBoosting
2024-01-14,S001,P0012,123.2522983762866,HistGradientBoosting
2024-01-15,S001,P0012,123.89922537987243,HistGradientBoosting
2024-01-16,S001,P0012,124.18453791106772,HistGradientBoosting
2024-01-17,S001,P0012,124.46562611063051,HistGradientBoosting
2024-01-18,S001,P0012,122.87253659888083,HistGradientBoosting
2024-01-19,S001,P0012,125.80048689960063,HistGradientBoosting
2024-01-20,S001,P0012,126.0695140786859,HistGradientBoosting
2024-01-21,S001,P0012,126.57650510805715,HistGradientBoosting
2024-01-22,S001,P0012,122.56394854396949,HistGradientBoosting
2024-01-23,S001,P0012,122.56394854396949,HistGradientBoosting
2024-01-24,S001,P0012,122.55410242929611,HistGradientBoosting
2024-01-25,S001,P0012,120.51215930204879,HistGradientBoosting
2024-01-26,S001,P0012,120.70999481552607,HistGradientBoosting
2024-01-27,S001,P0012,120.27930786820673,HistGradientBoosting
2024-01-28,S001,P0012,116.8330455276238,HistGradientBoosting
2024-01-29,S001,P0012,101.73042149007449,HistGradientBoosting
2024-01-30,S001,P0012,100.01068261738571,HistGradientBoosting
2024-01-01,S001,P0013,31.636666666666667,RandomForest
2024-01-02,S001,P0013,32.04,RandomForest
2024-01-03,S001,P0013,27.43,RandomForest
2024-01-04,S001,P0013,31.19,RandomForest
2024-01-05,S001,P0013,26.48,RandomForest
2024-01-06,S001,P0013,31.9,RandomForest
2024-01-07,S001,P0013,36.43,RandomForest
2024-01-08,S001,P0013,32.03666666666667,RandomForest
2024-01-09,S001,P0013,32.99333333333333,RandomForest
2024-01-10,S001,P0013,31.833333333333332,RandomForest
2024-01-11,S001,P0013,31.89,RandomForest
2024-01-12,S001,P0013,33.443333333333335,RandomForest
2024-01-13,S001,P0013,36.656666666666666,RandomForest
2024-01-14,S001,P0013,34.78333333333333,RandomForest
2024-01-15,S001,P0013,29.53,RandomForest
2024-01-16,S001,P0013,31.366666666666667,RandomForest
2024-01-17,S001,P0013,35.276666666666664,RandomForest
2024-01-18,S001,P0013,35.303333333333335,RandomForest
2024-01-19,S001,P0013,35.873333333333335,RandomForest
2024-01-20,S001,P0013,33.72,RandomForest
2024-01-21,S001,P0013,36.31333333333333,RandomForest
2024-01-22,S001,P0013,32.23,RandomForest
2024-01-23,S001,P0013,35.7,RandomForest
2024-01-24,S001,P0013,35.763333333333335,RandomForest
2024-01-25,S001,P0013,38.586666666666666,RandomForest
2024-01-26,S001,P0013,53.77333333333333,RandomForest
2024-01-27,S001,P0013,61.04666666666667,RandomForest
2024-01-28,S001,P0013,52.68666666666667,RandomForest
2024-01-29,S001,P0013,59.153333333333336,RandomForest
2024-01-30,S001,P0013,57.36666666666667,RandomForest
2024-01-01,S001,P0014,101.87218670255977,"ARIMA(1,0,1)"
2024-01-02,S001,P0014,103.0547335977046,"ARIMA(1,0,1)"
2024-01-03,S001,P0014,104.15283741590325,"ARIMA(1,0,1)"
2024-01-04,S001,P0014,105.17252805184609,"ARIMA(1,0,1)"
2024-01-05,S001,P0014,106.11940481868511,"ARIMA(1,0,1)"
2024-01-06,S001,P0014,106.99866719491604,"ARIMA(1,0,1)"
2024-01-07,S001,P0014,107.81514337569307,"ARIMA(1,0,1)"
2024-01-08,S001,P0014,108.57331678535706,"ARIMA(1,0,1)"
2024-01-09,S001,P0014,109.27735069676214,"ARIMA(1,0,1)"
2024-01-10,S001,P0014,109.9311110925903,"ARIMA(1,0,1)"
2024-01-11,S001,P0014,110.53818789418982,"ARIMA(1,0,1)"
2024-01-12,S001,P0014,111.10191467450885,"ARIMA(1,0,1)"
2024-01-13,S001,P0014,111.62538696337174,"ARIMA(1,0,1)"
2024-01-14,S001,P0014,112.11147924561577,"ARIMA(1,0,1)"
2024-01-15,S001,P0014,112.56286074542825,"ARIMA(1,0,1)"
2024-01-16,S001,P0014,112.98201008355882,"ARIMA(1,0,1)"
2024-01-17,S001,P0014,113.37122888789237,"ARIMA(1,0,1)"
2024-01-18,S001,P0014,113.73265443212084,"ARIMA(1,0,1)"
2024-01-19,S001,P0014,114.06827137191517,"ARIMA(1,0,1)"
2024-01-20,S001,P0014,114.37992264304313,"ARIMA(1,0,1)"
2024-01-21,S001,P0014,114.66931958127633,"ARIMA(1,0,1)"
2024-01-22,S001,P0014,114.93805131965694,"ARIMA(1,0,1)"
2024-01-23,S001,P0014,115.18759351472632,"ARIMA(1,0,1)"
2024-01-24,S001,P0014,115.41931644963267,"ARIMA(1,0,1)"
2024-01-25,S001,P0014,115.6344925586137,"ARIMA(1,0,1)"
2024-01-26,S001,P0014,115.83430341417244,"ARIMA(1,0,1)"
2024-01-27,S001,P0014,116.01984621531412,"ARIMA(1,0,1)"
2024-01-28,S001,P0014,116.19213981247249,"ARIMA(1,0,1)"
2024-01-29,S001,P0014,116.35213030220916,"ARIMA(1,0,1)"
2024-01-30,S001,P0014,116.50069622240785,"ARIMA(1,0,1)"
2024-01-01,S001,P0015,67.23617242045273,"ARIMA(1,0,1)"
2024-01-02,S001,P0015,68.73708717538747,"ARIMA(1,0,1)"
2024-01-03,S001,P0015,70.14433458862881,"ARIMA(1,0,1)"
2024-01-04,S001,P0015,71.46376014265405,"ARIMA(1,0,1)"
2024-01-05,S001,P0015,72.70084452187137,"ARIMA(1,0,1)"
2024-01-06,S001,P0015,73.8607263785132,"ARIMA(1,0,1)"
2024-01-07,S001,P0015,74.94822367778238,"ARIMA(1,0,1)"
2024-01-08,S001,P0015,75.9678537109151,"ARIMA(1,0,1)"
2024-01-09,S001,P0015,76.923851859292,"ARIMA(1,0,1)"
2024-01-10,S001,P0015,77.82018918754048,"ARIMA(1,0,1)"
2024-01-11,S001,P0015,78.660588938707,"ARIMA(1,0,1)"
2024-01-12,S001,P0015,79.44854200001804,"ARIMA(1,0,1)"
2024-01-13,S001,P0015,80.18732140347176,"ARIMA(1,0,1)"
2024-01-14,S001,P0015,80.87999592149355,"ARIMA(1,0,1)"
2024-01-15,S001,P0015,81.52944281412985,"ARIMA(1,0,1)"
2024-01-16,S001,P0015,82.13835978072987,"ARIMA(1,0,1)"
2024-01-17,S001,P0015,82.70927616576061,"ARIMA(1,0,1)"
2024-01-18,S001,P0015,83.24456346530252,"ARIMA(1,0,1)"
2024-01-19,S001,P0015,83.74644517786788,"ARIMA(1,0,1)"
2024-01-20,S001,P0015,84.21700604046094,"ARIMA(1,0,1)"
2024-01-21,S001,P0015,84.65820068824459,"ARIMA(1,0,1)"
2024-01-22,S001,P0015,85.07186177378468,"ARIMA(1,0,1)"
2024-01-23,S001,P0015,85.45970757959809,"ARIMA(1,0,1)"
2024-01-24,S001,P0015,85.8233491556256,"ARIMA(1,0,1)"
2024-01-25,S001,P0015,86.1642970112778,"ARIMA(1,0,1)"
2024-01-26,S001,P0015,86.48396738985141,"ARIMA(1,0,1)"
2024-01-27,S001,P0015,86.7836881513794,"ARIMA(1,0,1)"
2024-01-28,S001,P0015,87.06470428835067,"ARIMA(1,0,1)"
2024-01-29,S001,P0015,87.32818309721155,"ARIMA(1,0,1)"
2024-01-30,S001,P0015,87.57521902712982,"ARIMA(1,0,1)"
2024-01-01,S001,P0016,99.23608166366553,HistGradientBoosting
2024-01-02,S001,P0016,104.73685505165734,HistGradientBoosting
2024-01-03,S001,P0016,107.17408524343989,HistGradientBoosting
2024-01-04,S001,P0016,107.36758671858622,HistGradientBoosting
2024-01-05,S001,P0016,117.93532884707436,HistGradientBoosting
2024-01-06,S001,P0016,118.19301481445464,HistGradientBoosting
2024-01-07,S001,P0016,114.68087978432351,HistGradientBoosting
2024-01-08,S001,P0016,116.8245888142994,HistGradientBoosting
2024-01-09,S001,P0016,118.9696161634941,HistGradientBoosting
2024-01-10,S001,P0016,119.38892714764626,HistGradientBoosting
2024-01-11,S001,P0016,120.7908877059464,HistGradientBoosting
2024-01-12,S001,P0016,123.4615421919748,HistGradientBoosting
2024-01-13,S001,P0016,123.73777760226162,HistGradientBoosting
2024-01-14,S001,P0016,125.8993414790954,HistGradientBoosting
2024-01-15,S001,P0016,124.64802736808606,HistGradientBoosting
2024-01-16,S001,P0016,122.42268772943589,HistGradientBoosting
2024-01-17,S001,P0016,124.86640864845258,HistGradientBoosting
2024-01-18,S001,P0016,125.19411437932939,HistGradientBoosting
2024-01-19,S001,P0016,125.06601712095124,HistGradientBoosting
2024-01-20,S001,P0016,124.93544244870041,HistGradientBoosting
2024-01-21,S001,P0016,125.7340060533813,HistGradientBoosting
2024-01-22,S001,P0016,122.42963304539194,HistGradientBoosting
2024-01-23,S001,P0016,122.14432051419665,HistGradientBoosting
2024-01-24,S001,P0016,121.26035087094299,HistGradientBoosting
2024-01-25,S001,P0016,120.09253127227595,HistGradientBoosting
2024-01-26,S001,P0016,119.9699778128853,HistGradientBoosting
2024-01-27,S001,P0016,119.26805169764283,HistGradientBoosting
2024-01-28,S001,P0016,115.76593751710514,HistGradientBoosting
2024-01-29,S001,P0016,100.51665340574912,HistGradientBoosting
2024-01-30,S001,P0016,94.28043668571534,HistGradientBoosting
2024-01-01,S001,P0017,45.677545447784595,HistGradientBoosting
2024-01-02,S001,P0017,43.90695943481318,HistGradientBoosting
2024-01-03,S001,P0017,53.93588588073118,HistGradientBoosting
2024-01-04,S001,P0017,40.312158066125946,HistGradientBoosting
2024-01-05,S001,P0017,43.14614871623275,HistGradientBoosting
2024-01-06,S001,P0017,40.21425577303192,HistGradientBoosting
2024-01-07,S001,P0017,45.04829948342969,HistGradientBoosting
2024-01-08,S001,P0017,48.25363026196067,HistGradientBoosting
2024-01-09,S001,P0017,44.783780913281596,HistGradientBoosting
2024-01-10,S001,P0017,44.94751008033257,HistGradientBoosting
2024-01-11,S001,P0017,43.42528915230792,HistGradientBoosting
2024-01-12,S001,P0017,41.827198269120295,HistGradientBoosting
2024-01-13,S001,P0017,40.9106114910358,HistGradientBoosting
2024-01-14,S001,P0017,42.18075069755379,HistGradientBoosting
2024-01-15,S001,P0017,43.55517599745263,HistGradientBoosting
2024-01-16,S001,P0017,41.38204710574462,HistGradientBoosting
2024-01-17,S001,P0017,42.326891166382836,HistGradientBoosting
2024-01-18,S001,P0017,39.95436657248862,HistGradientBoosting
2024-01-19,S001,P0017,40.85896590269588,HistGradientBoosting
2024-01-20,S001,P0017,39.63084104645652,HistGradientBoosting
2024-01-21,S001,P0017,40.80469113930679,HistGradientBoosting
2024-01-22,S001,P0017,35.18601277405966,HistGradientBoosting
2024-01-23,S001,P0017,35.27453044896462,HistGradientBoosting
2024-01-24,S001,P0017,35.72599145129988,HistGradientBoosting
2024-01-25,S001,P0017,34.55737535747013,HistGradientBoosting
2024-01-26,S001,P0017,41.24009558696505,HistGradientBoosting
2024-01-27,S001,P0017,35.83789553338109,HistGradientBoosting
2024-01-28,S001,P0017,38.68823643367223,HistGradientBoosting
2024-01-29,S001,P0017,35.10977770634341,HistGradientBoosting
2024-01-30,S001,P0017,35.06160725263878,HistGradientBoosting
2024-01-01,S001,P0018,88.44179495581106,TunedRF_300_depth12_leaf1
2024-01-02,S001,P0018,103.09645486682389,TunedRF_300_depth12_leaf1
2024-01-03,S001,P0018,97.25083084838008,TunedRF_300_depth12_leaf1
2024-01-04,S001,P0018,104.095567182908,TunedRF_300_depth12_leaf1
2024-01-05,S001,P0018,102.09312667294414,TunedRF_300_depth12_leaf1
2024-01-06,S001,P0018,107.4299212263426,TunedRF_300_depth12_leaf1
2024-01-07,S001,P0018,109.11043688749047,TunedRF_300_depth12_leaf1
2024-01-08,S001,P0018,102.17495901220269,TunedRF_300_depth12_leaf1
2024-01-09,S001,P0018,105.66200680405707,TunedRF_300_depth12_leaf1
2024-01-10,S001,P0018,105.6665546300966,TunedRF_300_depth12_leaf1
2024-01-11,S001,P0018,109.15359859834577,TunedRF_300_depth12_leaf1
2024-01-12,S001,P0018,107.19365687471199,TunedRF_300_depth12_leaf1
2024-01-13,S001,P0018,112.35589815453304,TunedRF_300_depth12_leaf1
2024-01-14,S001,P0018,116.1899904381025,TunedRF_300_depth12_leaf1
2024-01-15,S001,P0018,125.86257854544073,TunedRF_300_depth12_leaf1
2024-01-16,S001,P0018,126.30320722565286,TunedRF_300_depth12_leaf1
2024-01-17,S001,P0018,124.4433558591329,TunedRF_300_depth12_leaf1
2024-01-18,S001,P0018,125.47526058653592,TunedRF_300_depth12_leaf1
2024-01-19,S001,P0018,123.53712135313803,TunedRF_300_depth12_leaf1
2024-01-20,S001,P0018,124.46536095379321,TunedRF_300_depth12_leaf1
2024-01-21,S001,P0018,124.47650288079494,TunedRF_300_depth12_leaf1
2024-01-22,S001,P0018,121.12729293757798,TunedRF_300_depth12_leaf1
2024-01-23,S001,P0018,121.05271940979668,TunedRF_300_depth12_leaf1
2024-01-24,S001,P0018,123.51254698393342,TunedRF_300_depth12_leaf1
2024-01-25,S001,P0018,120.03906752120503,TunedRF_300_depth12_leaf1
2024-01-26,S001,P0018,119.97063424238307,TunedRF_300_depth12_leaf1
2024-01-27,S001,P0018,120.2428655040852,TunedRF_300_depth12_leaf1
2024-01-28,S001,P0018,119.33292372491594,TunedRF_300_depth12_leaf1
2024-01-29,S001,P0018,109.22664986211953,TunedRF_300_depth12_leaf1
2024-01-30,S001,P0018,98.1398575739364,TunedRF_300_depth12_leaf1
2024-01-01,S001,P0019,56.99307190684947,"ARIMA(1,0,1)"
2024-01-02,S001,P0019,58.675720075305264,"ARIMA(1,0,1)"
2024-01-03,S001,P0019,60.18584579141742,"ARIMA(1,0,1)"
2024-01-04,S001,P0019,61.54113783714324,"ARIMA(1,0,1)"
2024-01-05,S001,P0019,62.75747135799512,"ARIMA(1,0,1)"
2024-01-06,S001,P0019,63.849093815762615,"ARIMA(1,0,1)"
2024-01-07,S001,P0019,64.8287918754426,"ARIMA(1,0,1)"
2024-01-08,S001,P0019,65.70804118119955,"ARIMA(1,0,1)"
2024-01-09,S001,P0019,66.49714077574869,"ARIMA(1,0,1)"
2024-01-10,S001,P0019,67.20533373767722,"ARIMA(1,0,1)"
2024-01-11,S001,P0019,67.84091544978249,"ARIMA(1,0,1)"
2024-01-12,S001,P0019,68.41133076662295,"ARIMA(1,0,1)"
2024-01-13,S001,P0019,68.92326121944933,"ARIMA(1,0,1)"
2024-01-14,S001,P0019,69.38270327998629,"ARIMA(1,0,1)"
2024-01-15,S001,P0019,69.79503859980372,"ARIMA(1,0,1)"
2024-01-16,S001,P0019,70.1650970480229,"ARIMA(1,0,1)"
2024-01-17,S001,P0019,70.4972132857467,"ARIMA(1,0,1)"
2024-01-18,S001,P0019,70.79527753989518,"ARIMA(1,0,1)"
2024-01-19,S001,P0019,71.06278117118403,"ARIMA(1,0,1)"
2024-01-20,S001,P0019,71.30285757000325,"ARIMA(1,0,1)"
2024-01-21,S001,P0019,71.51831885922883,"ARIMA(1,0,1)"
2024-01-22,S001,P0019,71.71168883388302,"ARIMA(1,0,1)"
2024-01-23,S001,P0019,71.8852325234811,"ARIMA(1,0,1)"
2024-01-24,S001,P0019,72.04098272334107,"ARIMA(1,0,1)"
2024-01-25,S001,P0019,72.18076380562997,"ARIMA(1,0,1)"
2024-01-26,S001,P0019,72.30621308905572,"ARIMA(1,0,1)"
2024-01-27,S001,P0019,72.41880001751798,"ARIMA(1,0,1)"
2024-01-28,S001,P0019,72.51984337236557,"ARIMA(1,0,1)"
2024-01-29,S001,P0019,72.61052671987585,"ARIMA(1,0,1)"
2024-01-30,S001,P0019,72.69191227489895,"ARIMA(1,0,1)"
2024-01-01,S001,P0020,48.20151818076658,"ARIMA(1,0,1)"
2024-01-02,S001,P0020,50.52548517751688,"ARIMA(1,0,1)"
2024-01-03,S001,P0020,52.64035004343937,"ARIMA(1,0,1)"
2024-01-04,S001,P0020,54.564927030706244,"ARIMA(1,0,1)"
2024-01-05,S001,P0020,56.31633755324174,"ARIMA(1,0,1)"
2024-01-06,S001,P0020,57.91016250217462,"ARIMA(1,0,1)"
2024-01-07,S001,P0020,59.36058085649819,"ARIMA(1,0,1)"
2024-01-08,S001,P0020,60.68049582204519,"ARIMA(1,0,1)"
2024-01-09,S001,P0020,61.88164962093477,"ARIMA(1,0,1)"
2024-01-10,S001,P0020,62.97472795268091,"ARIMA(1,0,1)"
2024-01-11,S001,P0020,63.969455056268714,"ARIMA(1,0,1)"
2024-01-12,S001,P0020,64.87468021888952,"ARIMA(1,0,1)"
2024-01-13,S001,P0020,65.69845650093345,"ARIMA(1,0,1)"
2024-01-14,S001,P0020,66.44811237759222,"ARIMA(1,0,1)"
2024-01-15,S001,P0020,67.13031693441036,"ARIMA(1,0,1)"
2024-01-16,S001,P0020,67.75113919677655,"ARIMA(1,0,1)"
2024-01-17,S001,P0020,68.31610212116261,"ARIMA(1,0,1)"
2024-01-18,S001,P0020,68.83023172842627,"ARIMA(1,0,1)"
2024-01-19,S001,P0020,69.29810181627728,"ARIMA(1,0,1)"
2024-01-20,S001,P0020,69.723874648678,"ARIMA(1,0,1)"
2024-01-21,S001,P0020,70.111337984159,"ARIMA(1,0,1)"
2024-01-22,S001,P0020,70.46393877246095,"ARIMA(1,0,1)"
2024-01-23,S001,P0020,70.78481381927492,"ARIMA(1,0,1)"
2024-01-24,S001,P0020,71.07681769188027,"ARIMA(1,0,1)"
2024-01-25,S001,P0020,71.3425481139344,"ARIMA(1,0,1)"
2024-01-26,S001,P0020,71.5843690753314,"ARIMA(1,0,1)"
2024-01-27,S001,P0020,71.80443186271918,"ARIMA(1,0,1)"
2024-01-28,S001,P0020,72.00469419776707,"ARIMA(1,0,1)"
2024-01-29,S001,P0020,72.18693765344118,"ARIMA(1,0,1)"
2024-01-30,S001,P0020,72.35278350322666,"ARIMA(1,0,1)"
2024-01-01,S002,P0001,137.0,Naive
2024-01-02,S002,P0001,137.0,Naive
2024-01-03,S002,P0001,137.0,Naive
2024-01-04,S002,P0001,137.0,Naive
2024-01-05,S002,P0001,137.0,Naive
2024-01-06,S002,P0001,137.0,Naive
2024-01-07,S002,P0001,137.0,Naive
2024-01-08,S002,P0001,137.0,Naive
2024-01-09,S002,P0001,137.0,Naive
2024-01-10,S002,P0001,137.0,Naive
2024-01-11,S002,P0001,137.0,Naive
2024-01-12,S002,P0001,137.0,Naive
2024-01-13,S002,P0001,137.0,Naive
2024-01-14,S002,P0001,137.0,Naive
2024-01-15,S002,P0001,137.0,Naive
2024-01-16,S002,P0001,137.0,Naive
2024-01-17,S002,P0001,137.0,Naive
2024-01-18,S002,P0001,137.0,Naive
2024-01-19,S002,P0001,137.0,Naive
2024-01-20,S002,P0001,137.0,Naive
2024-01-21,S002,P0001,137.0,Naive
2024-01-22,S002,P0001,137.0,Naive
2024-01-23,S002,P0001,137.0,Naive
2024-01-24,S002,P0001,137.0,Naive
2024-01-25,S002,P0001,137.0,Naive
2024-01-26,S002,P0001,137.0,Naive
2024-01-27,S002,P0001,137.0,Naive
2024-01-28,S002,P0001,137.0,Naive
2024-01-29,S002,P0001,137.0,Naive
2024-01-30,S002,P0001,137.0,Naive
2024-01-01,S002,P0002,49.04148558452191,HistGradientBoosting
2024-01-02,S002,P0002,49.21423535037354,HistGradientBoosting
2024-01-03,S002,P0002,47.31271832202379,HistGradientBoosting
2024-01-04,S002,P0002,45.77715467152687,HistGradientBoosting
2024-01-05,S002,P0002,46.727912430545445,HistGradientBoosting
2024-01-06,S002,P0002,44.65162710126884,HistGradientBoosting
2024-01-07,S002,P0002,44.64786832193514,HistGradientBoosting
2024-01-08,S002,P0002,45.43178286516457,HistGradientBoosting
2024-01-09,S002,P0002,47.09530602227063,HistGradientBoosting
2024-01-10,S002,P0002,46.13400075063154,HistGradientBoosting
2024-01-11,S002,P0002,44.98995251704033,HistGradientBoosting
2024-01-12,S002,P0002,42.74631151821844,HistGradientBoosting
2024-01-13,S002,P0002,41.83001785066498,HistGradientBoosting
2024-01-14,S002,P0002,43.10015705718297,HistGradientBoosting
2024-01-15,S002,P0002,43.414807116687385,HistGradientBoosting
2024-01-16,S002,P0002,43.296188714275196,HistGradientBoosting
2024-01-17,S002,P0002,44.37208807223585,HistGradientBoosting
2024-01-18,S002,P0002,40.754861419174574,HistGradientBoosting
2024-01-19,S002,P0002,40.45127085845486,HistGradientBoosting
2024-01-20,S002,P0002,39.18924930407645,HistGradientBoosting
2024-01-21,S002,P0002,40.74182292205365,HistGradientBoosting
2024-01-22,S002,P0002,36.02183630786823,HistGradientBoosting
2024-01-23,S002,P0002,34.97934015133363,HistGradientBoosting
2024-01-24,S002,P0002,35.71611368486418,HistGradientBoosting
2024-01-25,S002,P0002,34.54749759103443,HistGradientBoosting
2024-01-26,S002,P0002,34.78193670256247,HistGradientBoosting
2024-01-27,S002,P0002,41.592985702504855,HistGradientBoosting
2024-01-28,S002,P0002,38.724884019163184,HistGradientBoosting
2024-01-29,S002,P0002,30.118268926804955,HistGradientBoosting
2024-01-30,S002,P0002,30.59137682376433,HistGradientBoosting
2024-01-01,S002,P0003,34.0,Naive
2024-01-02,S002,P0003,34.0,Naive
2024-01-03,S002,P0003,34.0,Naive
2024-01-04,S002,P0003,34.0,Naive
2024-01-05,S002,P0003,34.0,Naive
2024-01-06,S002,P0003,34.0,Naive
2024-01-07,S002,P0003,34.0,Naive
2024-01-08,S002,P0003,34.0,Naive
2024-01-09,S002,P0003,34.0,Naive
2024-01-10,S002,P0003,34.0,Naive
2024-01-11,S002,P0003,34.0,Naive
2024-01-12,S002,P0003,34.0,Naive
2024-01-13,S002,P0003,34.0,Naive
2024-01-14,S002,P0003,34.0,Naive
2024-01-15,S002,P0003,34.0,Naive
2024-01-16,S002,P0003,34.0,Naive
2024-01-17,S002,P0003,34.0,Naive
2024-01-18,S002,P0003,34.0,Naive
2024-01-19,S002,P0003,34.0,Naive
2024-01-20,S002,P0003,34.0,Naive
2024-01-21,S002,P0003,34.0,Naive
2024-01-22,S002,P0003,34.0,Naive
2024-01-23,S002,P0003,34.0,Naive
2024-01-24,S002,P0003,34.0,Naive
2024-01-25,S002,P0003,34.0,Naive
2024-01-26,S002,P0003,34.0,Naive
2024-01-27,S002,P0003,34.0,Naive
2024-01-28,S002,P0003,34.0,Naive
2024-01-29,S002,P0003,34.0,Naive
2024-01-30,S002,P0003,34.0,Naive
2024-01-01,S002,P0004,100.74955265978265,HistGradientBoosting
2024-01-02,S002,P0004,107.12975345303342,HistGradientBoosting
2024-01-03,S002,P0004,107.75860987549623,HistGradientBoosting
2024-01-04,S002,P0004,110.66261295609436,HistGradientBoosting
2024-01-05,S002,P0004,120.20029705747551,HistGradientBoosting
2024-01-06,S002,P0004,122.31611311506605,HistGradientBoosting
2024-01-07,S002,P0004,124.83198563333973,HistGradientBoosting
2024-01-08,S002,P0004,121.02274967623504,HistGradientBoosting
2024-01-09,S002,P0004,122.14716162055547,HistGradientBoosting
2024-01-10,S002,P0004,123.1091415629423,HistGradientBoosting
2024-01-11,S002,P0004,123.43684729381911,HistGradientBoosting
2024-01-12,S002,P0004,124.24015069834155,HistGradientBoosting
2024-01-13,S002,P0004,126.38083499837825,HistGradientBoosting
2024-01-14,S002,P0004,126.76370035347075,HistGradientBoosting
2024-01-15,S002,P0004,122.07356355993791,HistGradientBoosting
2024-01-16,S002,P0004,125.0986576711991,HistGradientBoosting
2024-01-17,S002,P0004,126.00543196605076,HistGradientBoosting
2024-01-18,S002,P0004,126.08485174311525,HistGradientBoosting
2024-01-19,S002,P0004,126.1142176548658,HistGradientBoosting
2024-01-20,S002,P0004,125.76638966562506,HistGradientBoosting
2024-01-21,S002,P0004,125.68310501879205,HistGradientBoosting
2024-01-22,S002,P0004,122.53649507782187,HistGradientBoosting
2024-01-23,S002,P0004,122.82180760901716,HistGradientBoosting
2024-01-24,S002,P0004,122.56631065855191,HistGradientBoosting
2024-01-25,S002,P0004,120.52436753130459,HistGradientBoosting
2024-01-26,S002,P0004,120.47590658582185,HistGradientBoosting
2024-01-27,S002,P0004,120.40174274458614,HistGradientBoosting
2024-01-28,S002,P0004,116.80257588831476,HistGradientBoosting
2024-01-29,S002,P0004,100.86892955514139,HistGradientBoosting
2024-01-30,S002,P0004,100.17771604398034,HistGradientBoosting
2024-01-01,S002,P0005,76.61195473082748,"ARIMA(1,0,1)"
2024-01-02,S002,P0005,78.79631812826453,"ARIMA(1,0,1)"
2024-01-03,S002,P0005,80.7404087606578,"ARIMA(1,0,1)"
2024-01-04,S002,P0005,82.47065583923171,"ARIMA(1,0,1)"
2024-01-05,S002,P0005,84.01058144919574,"ARIMA(1,0,1)"
2024-01-06,S002,P0005,85.38112032401216,"ARIMA(1,0,1)"
2024-01-07,S002,P0005,86.60090444554965,"ARIMA(1,0,1)"
2024-01-08,S002,P0005,87.6865163391592,"ARIMA(1,0,1)"
2024-01-09,S002,P0005,88.65271450712768,"ARIMA(1,0,1)"
2024-01-10,S002,P0005,89.51263406519524,"ARIMA(1,0,1)"
2024-01-11,S002,P0005,90.27796530971821,"ARIMA(1,0,1)"
2024-01-12,S002,P0005,90.95911264303312,"ARIMA(1,0,1)"
2024-01-13,S002,P0005,91.56533601755538,"ARIMA(1,0,1)"
2024-01-14,S002,P0005,92.10487682149366,"ARIMA(1,0,1)"
2024-01-15,S002,P0005,92.58506991755132,"ARIMA(1,0,1)"
2024-01-16,S002,P0005,93.01244335774034,"ARIMA(1,0,1)"
2024-01-17,S002,P0005,93.39280712989473,"ARIMA(1,0,1)"
2024-01-18,S002,P0005,93.73133214236049,"ARIMA(1,0,1)"
2024-01-19,S002,P0005,94.03262052063018,"ARIMA(1,0,1)"
2024-01-20,S002,P0005,94.30076817157979,"ARIMA(1,0,1)"
2024-01-21,S002,P0005,94.53942046584596,"ARIMA(1,0,1)"
2024-01-22,S002,P0005,94.75182179532548,"ARIMA(1,0,1)"
2024-01-23,S002,P0005,94.94085967951338,"ARIMA(1,0,1)"
2024-01-24,S002,P0005,95.10910402028944,"ARIMA(1,0,1)"
2024-01-25,S002,P0005,95.25884203880764,"ARIMA(1,0,1)"
2024-01-26,S002,P0005,95.39210936944316,"ARIMA(1,0,1)"
2024-01-27,S002,P0005,95.51071773350775,"ARIMA(1,0,1)"
2024-01-28,S002,P0005,95.61627956894776,"ARIMA(1,0,1)"
2024-01-29,S002,P0005,95.71022995085673,"ARIMA(1,0,1)"
2024-01-30,S002,P0005,95.7938461008038,"ARIMA(1,0,1)"
2024-01-01,S002,P0006,123.15985918323912,HistGradientBoosting
2024-01-02,S002,P0006,128.38720613800677,HistGradientBoosting
2024-01-03,S002,P0006,124.97997423901984,HistGradientBoosting
2024-01-04,S002,P0006,127.24213946462125,HistGradientBoosting
2024-01-05,S002,P0006,133.15155042836744,HistGradientBoosting
2024-01-06,S002,P0006,131.52292353669486,HistGradientBoosting
2024-01-07,S002,P0006,133.61175056236502,HistGradientBoosting
2024-01-08,S002,P0006,132.53843637533782,HistGradientBoosting
2024-01-09,S002,P0006,131.1595248177888,HistGradientBoosting
2024-01-10,S002,P0006,134.0062091498794,HistGradientBoosting
2024-01-11,S002,P0006,129.2398709546474,HistGradientBoosting
2024-01-12,S002,P0006,127.79423136587984,HistGradientBoosting
2024-01-13,S002,P0006,126.11076529129527,HistGradientBoosting
2024-01-14,S002,P0006,124.35054393570834,HistGradientBoosting
2024-01-15,S002,P0006,123.07202269464018,HistGradientBoosting
2024-01-16,S002,P0006,126.87593325730897,HistGradientBoosting
2024-01-17,S002,P0006,126.07765834241852,HistGradientBoosting
2024-01-18,S002,P0006,127.94065891856395,HistGradientBoosting
2024-01-19,S002,P0006,131.3988859242,HistGradientBoosting
2024-01-20,S002,P0006,127.59113994924047,HistGradientBoosting
2024-01-21,S002,P0006,132.63992086334093,HistGradientBoosting
2024-01-22,S002,P0006,125.70803794604358,HistGradientBoosting
2024-01-23,S002,P0006,124.96665587467433,HistGradientBoosting
2024-01-24,S002,P0006,131.0337487896435,HistGradientBoosting
2024-01-25,S002,P0006,124.0740623379619,HistGradientBoosting
2024-01-26,S002,P0006,124.43522704058711,HistGradientBoosting
2024-01-27,S002,P0006,123.80554954888147,HistGradientBoosting
2024-01-28,S002,P0006,121.01157472819148,HistGradientBoosting
2024-01-29,S002,P0006,114.85065951304698,HistGradientBoosting
2024-01-30,S002,P0006,115.29217086581707,HistGradientBoosting
2024-01-01,S002,P0007,92.0,SeasonalNaive7
2024-01-02,S002,P0007,76.0,SeasonalNaive7
2024-01-03,S002,P0007,20.0,SeasonalNaive7
2024-01-04,S002,P0007,19.0,SeasonalNaive7
2024-01-05,S002,P0007,16.0,SeasonalNaive7
2024-01-06,S002,P0007,9.0,SeasonalNaive7
2024-01-07,S002,P0007,30.0,SeasonalNaive7
2024-01-08,S002,P0007,92.0,SeasonalNaive7
2024-01-09,S002,P0007,76.0,SeasonalNaive7
2024-01-10,S002,P0007,20.0,SeasonalNaive7
2024-01-11,S002,P0007,19.0,SeasonalNaive7
2024-01-12,S002,P0007,16.0,SeasonalNaive7
2024-01-13,S002,P0007,9.0,SeasonalNaive7
2024-01-14,S002,P0007,30.0,SeasonalNaive7
2024-01-15,S002,P0007,92.0,SeasonalNaive7
2024-01-16,S002,P0007,76.0,SeasonalNaive7
2024-01-17,S002,P0007,20.0,SeasonalNaive7
2024-01-18,S002,P0007,19.0,SeasonalNaive7
2024-01-19,S002,P0007,16.0,SeasonalNaive7
2024-01-20,S002,P0007,9.0,SeasonalNaive7
2024-01-21,S002,P0007,30.0,SeasonalNaive7
2024-01-22,S002,P0007,92.0,SeasonalNaive7
2024-01-23,S002,P0007,76.0,SeasonalNaive7
2024-01-24,S002,P0007,20.0,SeasonalNaive7
2024-01-25,S002,P0007,19.0,SeasonalNaive7
2024-01-26,S002,P0007,16.0,SeasonalNaive7
2024-01-27,S002,P0007,9.0,SeasonalNaive7
2024-01-28,S002,P0007,30.0,SeasonalNaive7
2024-01-29,S002,P0007,92.0,SeasonalNaive7
2024-01-30,S002,P0007,76.0,SeasonalNaive7
2024-01-01,S002,P0008,116.95571966257259,HistGradientBoosting
2024-01-02,S002,P0008,125.51626757841672,HistGradientBoosting
2024-01-03,S002,P0008,120.02014666117847,HistGradientBoosting
2024-01-04,S002,P0008,126.66364206481576,HistGradientBoosting
2024-01-05,S002,P0008,125.50659191746126,HistGradientBoosting
2024-01-06,S002,P0008,128.01312908409753,HistGradientBoosting
2024-01-07,S002,P0008,138.96928875844367,HistGradientBoosting
2024-01-08,S002,P0008,120.14837618895257,HistGradientBoosting
2024-01-09,S002,P0008,128.10406042650374,HistGradientBoosting
2024-01-10,S002,P0008,124.72019002676154,HistGradientBoosting
2024-01-11,S002,P0008,127.33332540565137,HistGradientBoosting
2024-01-12,S002,P0008,128.65351330445597,HistGradientBoosting
2024-01-13,S002,P0008,128.71590571998462,HistGradientBoosting
2024-01-14,S002,P0008,125.89122651620829,HistGradientBoosting
2024-01-15,S002,P0008,121.12997751357949,HistGradientBoosting
2024-01-16,S002,P0008,123.92650551467497,HistGradientBoosting
2024-01-17,S002,P0008,126.48093242722457,HistGradientBoosting
2024-01-18,S002,P0008,126.53767884825415,HistGradientBoosting
2024-01-19,S002,P0008,126.72104794441718,HistGradientBoosting
2024-01-20,S002,P0008,127.51982404911011,HistGradientBoosting
2024-01-21,S002,P0008,131.18745528784552,HistGradientBoosting
2024-01-22,S002,P0008,122.90739136331342,HistGradientBoosting
2024-01-23,S002,P0008,123.24945031553828,HistGradientBoosting
2024-01-24,S002,P0008,122.58037921101665,HistGradientBoosting
2024-01-25,S002,P0008,120.60501569678524,HistGradientBoosting
2024-01-26,S002,P0008,120.52963683369,HistGradientBoosting
2024-01-27,S002,P0008,120.2488382288977,HistGradientBoosting
2024-01-28,S002,P0008,116.80257588831476,HistGradientBoosting
2024-01-29,S002,P0008,101.24284201379436,HistGradientBoosting
2024-01-30,S002,P0008,100.30451748941864,HistGradientBoosting
2024-01-01,S002,P0009,114.0388714101572,HistGradientBoosting
2024-01-02,S002,P0009,129.21638723392905,HistGradientBoosting
2024-01-03,S002,P0009,112.68246149632022,HistGradientBoosting
2024-01-04,S002,P0009,121.83623392026256,HistGradientBoosting
2024-01-05,S002,P0009,115.68845234134545,HistGradientBoosting
2024-01-06,S002,P0009,127.01859992251592,HistGradientBoosting
2024-01-07,S002,P0009,133.6859089465058,HistGradientBoosting
2024-01-08,S002,P0009,121.81094335951359,HistGradientBoosting
2024-01-09,S002,P0009,127.32197354220887,HistGradientBoosting
2024-01-10,S002,P0009,126.18550887226675,HistGradientBoosting
2024-01-11,S002,P0009,126.47913122909365,HistGradientBoosting
2024-01-12,S002,P0009,128.71025972548554,HistGradientBoosting
2024-01-13,S002,P0009,126.10380480841106,HistGradientBoosting
2024-01-14,S002,P0009,126.68813695596916,HistGradientBoosting
2024-01-15,S002,P0009,120.52845891652925,HistGradientBoosting
2024-01-16,S002,P0009,123.32498691762473,HistGradientBoosting
2024-01-17,S002,P0009,126.48093242722457,HistGradientBoosting
2024-01-18,S002,P0009,126.1159086349485,HistGradientBoosting
2024-01-19,S002,P0009,126.53598786817145,HistGradientBoosting
2024-01-20,S002,P0009,126.1881598789307,HistGradientBoosting
2024-01-21,S002,P0009,130.67168667570328,HistGradientBoosting
2024-01-22,S002,P0009,123.24945031553828,HistGradientBoosting
2024-01-23,S002,P0009,122.59022532569003,HistGradientBoosting
2024-01-24,S002,P0009,122.58037921101665,HistGradientBoosting
2024-01-25,S002,P0009,120.60501569678524,HistGradientBoosting
2024-01-26,S002,P0009,120.52963683369,HistGradientBoosting
2024-01-27,S002,P0009,120.38014238966461,HistGradientBoosting
2024-01-28,S002,P0009,116.80257588831476,HistGradientBoosting
2024-01-29,S002,P0009,100.81218313411182,HistGradientBoosting
2024-01-30,S002,P0009,99.93060503076568,HistGradientBoosting
2024-01-01,S002,P0010,131.02,RandomForest
2024-01-02,S002,P0010,123.55333333333333,RandomForest
2024-01-03,S002,P0010,120.40666666666667,RandomForest
2024-01-04,S002,P0010,131.87,RandomForest
2024-01-05,S002,P0010,120.17666666666666,RandomForest
2024-01-06,S002,P0010,130.98,RandomForest
2024-01-07,S002,P0010,125.29666666666667,RandomForest
2024-01-08,S002,P0010,118.64,RandomForest
2024-01-09,S002,P0010,119.03,RandomForest
2024-01-10,S002,P0010,126.81666666666666,RandomForest
2024-01-11,S002,P0010,125.94666666666667,RandomForest
2024-01-12,S002,P0010,129.29333333333332,RandomForest
2024-01-13,S002,P0010,130.43,RandomForest
2024-01-14,S002,P0010,119.21666666666667,RandomForest
2024-01-15,S002,P0010,128.10666666666665,RandomForest
2024-01-16,S002,P0010,130.31,RandomForest
2024-01-17,S002,P0010,126.48333333333333,RandomForest
2024-01-18,S002,P0010,121.99666666666667,RandomForest
2024-01-19,S002,P0010,129.47333333333333,RandomForest
2024-01-20,S002,P0010,122.96333333333334,RandomForest
2024-01-21,S002,P0010,123.43333333333334,RandomForest
2024-01-22,S002,P0010,121.42,RandomForest
2024-01-23,S002,P0010,123.96,RandomForest
2024-01-24,S002,P0010,128.19666666666666,RandomForest
2024-01-25,S002,P0010,117.45333333333333,RandomForest
2024-01-26,S002,P0010,118.03333333333333,RandomForest
2024-01-27,S002,P0010,121.31666666666666,RandomForest
2024-01-28,S002,P0010,120.32,RandomForest
2024-01-29,S002,P0010,98.32333333333334,RandomForest
2024-01-30,S002,P0010,84.98333333333333,RandomForest
2024-01-01,S002,P0011,116.69047661327905,TunedRF_300_depth12_leaf1
2024-01-02,S002,P0011,107.78586285282852,TunedRF_300_depth12_leaf1
2024-01-03,S002,P0011,115.39030934649081,TunedRF_300_depth12_leaf1
2024-01-04,S002,P0011,113.82983088356265,TunedRF_300_depth12_leaf1
2024-01-05,S002,P0011,107.29705140568919,TunedRF_300_depth12_leaf1
2024-01-06,S002,P0011,113.73808139597246,TunedRF_300_depth12_leaf1
2024-01-07,S002,P0011,120.42312382128796,TunedRF_300_depth12_leaf1
2024-01-08,S002,P0011,120.40443841071543,TunedRF_300_depth12_leaf1
2024-01-09,S002,P0011,125.60540892236371,TunedRF_300_depth12_leaf1
2024-01-10,S002,P0011,123.91694735982067,TunedRF_300_depth12_leaf1
2024-01-11,S002,P0011,122.29067442171045,TunedRF_300_depth12_leaf1
2024-01-12,S002,P0011,123.56509339318963,TunedRF_300_depth12_leaf1
2024-01-13,S002,P0011,125.50690268635364,TunedRF_300_depth12_leaf1
2024-01-14,S002,P0011,125.18780502295559,TunedRF_300_depth12_leaf1
2024-01-15,S002,P0011,121.61223732241587,TunedRF_300_depth12_leaf1
2024-01-16,S002,P0011,120.39447191642871,TunedRF_300_depth12_leaf1
2024-01-17,S002,P0011,123.34532889953499,TunedRF_300_depth12_leaf1
2024-01-18,S002,P0011,123.97347322351561,TunedRF_300_depth12_leaf1
2024-01-19,S002,P0011,124.2322227516624,TunedRF_300_depth12_leaf1
2024-01-20,S002,P0011,123.89769689065481,TunedRF_300_depth12_leaf1
2024-01-21,S002,P0011,125.90179899564956,TunedRF_300_depth12_leaf1
2024-01-22,S002,P0011,123.81283521908709,TunedRF_300_depth12_leaf1
2024-01-23,S002,P0011,124.09138249845503,TunedRF_300_depth12_leaf1
2024-01-24,S002,P0011,126.74373440415091,TunedRF_300_depth12_leaf1
2024-01-25,S002,P0011,121.69711243696429,TunedRF_300_depth12_leaf1
2024-01-26,S002,P0011,120.84374542266521,TunedRF_300_depth12_leaf1
2024-01-27,S002,P0011,120.40535221304316,TunedRF_300_depth12_leaf1
2024-01-28,S002,P0011,119.54115609448328,TunedRF_300_depth12_leaf1
2024-01-29,S002,P0011,99.1569443613171,TunedRF_300_depth12_leaf1
2024-01-30,S002,P0011,90.5201726005618,TunedRF_300_depth12_leaf1
2024-01-01,S002,P0012,62.51226749130385,TunedRF_300_depth12_leaf1
2024-01-02,S002,P0012,54.585581131793816,TunedRF_300_depth12_leaf1
2024-01-03,S002,P0012,58.34615946341602,TunedRF_300_depth12_leaf1
2024-01-04,S002,P0012,57.155841121034406,TunedRF_300_depth12_leaf1
2024-01-05,S002,P0012,57.56478263840285,TunedRF_300_depth12_leaf1
2024-01-06,S002,P0012,57.5302824925607,TunedRF_300_depth12_leaf1
2024-01-07,S002,P0012,57.930768573022796,TunedRF_300_depth12_leaf1
2024-01-08,S002,P0012,58.58837620552853,TunedRF_300_depth12_leaf1
2024-01-09,S002,P0012,60.91990395724449,TunedRF_300_depth12_leaf1
2024-01-10,S002,P0012,60.051338588996536,TunedRF_300_depth12_leaf1
2024-01-11,S002,P0012,64.46531984358333,TunedRF_300_depth12_leaf1
2024-01-12,S002,P0012,66.83728083886469,TunedRF_300_depth12_leaf1
2024-01-13,S002,P0012,67.08419432067929,TunedRF_300_depth12_leaf1
2024-01-14,S002,P0012,67.7801718014471,TunedRF_300_depth12_leaf1
2024-01-15,S002,P0012,69.6087173546335,TunedRF_300_depth12_leaf1
2024-01-16,S002,P0012,70.5494990087917,TunedRF_300_depth12_leaf1
2024-01-17,S002,P0012,73.50579960711698,TunedRF_300_depth12_leaf1
2024-01-18,S002,P0012,73.47610288821335,TunedRF_300_depth12_leaf1
2024-01-19,S002,P0012,75.19425088296411,TunedRF_300_depth12_leaf1
2024-01-20,S002,P0012,76.33076902899089,TunedRF_300_depth12_leaf1
2024-01-21,S002,P0012,76.8872051894018,TunedRF_300_depth12_leaf1
2024-01-22,S002,P0012,77.85993976463607,TunedRF_300_depth12_leaf1
2024-01-23,S002,P0012,78.71358502595496,TunedRF_300_depth12_leaf1
2024-01-24,S002,P0012,83.73164615796293,TunedRF_300_depth12_leaf1
2024-01-25,S002,P0012,83.15073201535685,TunedRF_300_depth12_leaf1
2024-01-26,S002,P0012,88.22518868618603,TunedRF_300_depth12_leaf1
2024-01-27,S002,P0012,93.63731370892205,TunedRF_300_depth12_leaf1
2024-01-28,S002,P0012,94.05161276405248,TunedRF_300_depth12_leaf1
2024-01-29,S002,P0012,91.49617717202696,TunedRF_300_depth12_leaf1
2024-01-30,S002,P0012,90.07052529703975,TunedRF_300_depth12_leaf1
2024-01-01,S002,P0013,92.26443064637334,"ARIMA(1,0,1)"
2024-01-02,S002,P0013,94.09355883879891,"ARIMA(1,0,1)"
2024-01-03,S002,P0013,95.81169326294844,"ARIMA(1,0,1)"
2024-01-04,S002,P0013,97.42556915840062,"ARIMA(1,0,1)"
2024-01-05,S002,P0013,98.9415130620395,"ARIMA(1,0,1)"
2024-01-06,S002,P0013,100.36546760864111,"ARIMA(1,0,1)"
2024-01-07,S002,P0013,101.70301482652974,"ARIMA(1,0,1)"
2024-01-08,S002,P0013,102.95939801962483,"ARIMA(1,0,1)"
2024-01-09,S002,P0013,104.13954232165817,"ARIMA(1,0,1)"
2024-01-10,S002,P0013,105.24807400313567,"ARIMA(1,0,1)"
2024-01-11,S002,P0013,106.2893386067287,"ARIMA(1,0,1)"
2024-01-12,S002,P0013,107.26741798218745,"ARIMA(1,0,1)"
2024-01-13,S002,P0013,108.18614628755458,"ARIMA(1,0,1)"
2024-01-14,S002,P0013,109.0491250194053,"ARIMA(1,0,1)"
2024-01-15,S002,P0013,109.85973713103397,"ARIMA(1,0,1)"
2024-01-16,S002,P0013,110.62116029393152,"ARIMA(1,0,1)"
2024-01-17,S002,P0013,111.33637935454,"ARIMA(1,0,1)"
2024-01-18,S002,P0013,112.00819803511578,"ARIMA(1,0,1)"
2024-01-19,S002,P0013,112.63924992456992,"ARIMA(1,0,1)"
2024-01-20,S002,P0013,113.2320088023706,"ARIMA(1,0,1)"
2024-01-21,S002,P0013,113.78879833597844,"ARIMA(1,0,1)"
2024-01-22,S002,P0013,114.31180118982938,"ARIMA(1,0,1)"
2024-01-23,S002,P0013,114.80306758157317,"ARIMA(1,0,1)"
2024-01-24,S002,P0013,115.26452331910869,"ARIMA(1,0,1)"
2024-01-25,S002,P0013,115.69797734992197,"ARIMA(1,0,1)"
2024-01-26,S002,P0013,116.1051288523211,"ARIMA(1,0,1)"
2024-01-27,S002,P0013,116.4875738963661,"ARIMA(1,0,1)"
2024-01-28,S002,P0013,116.84681170060536,"ARIMA(1,0,1)"
2024-01-29,S002,P0013,117.18425050914556,"ARIMA(1,0,1)"
2024-01-30,S002,P0013,117.50121311209364,"ARIMA(1,0,1)"
2024-01-01,S002,P0014,74.81525204516377,"ARIMA(1,0,1)"
2024-01-02,S002,P0014,76.42028277144551,"ARIMA(1,0,1)"
2024-01-03,S002,P0014,77.88531813318343,"ARIMA(1,0,1)"
2024-01-04,S002,P0014,79.22256892595475,"ARIMA(1,0,1)"
2024-01-05,S002,P0014,80.44318088486756,"ARIMA(1,0,1)"
2024-01-06,S002,P0014,81.55732758217732,"ARIMA(1,0,1)"
2024-01-07,S002,P0014,82.5742952221076,"ARIMA(1,0,1)"
2024-01-08,S002,P0014,83.50256003962454,"ARIMA(1,0,1)"
2024-01-09,S002,P0014,84.3498589482691,"ARIMA(1,0,1)"
2024-01-10,S002,P0014,85.12325402588355,"ARIMA(1,0,1)"
2024-01-11,S002,P0014,85.82919137570866,"ARIMA(1,0,1)"
2024-01-12,S002,P0014,86.47355485344796,"ARIMA(1,0,1)"
2024-01-13,S002,P0014,87.06171510810393,"ARIMA(1,0,1)"
2024-01-14,S002,P0014,87.59857434533232,"ARIMA(1,0,1)"
2024-01-15,S002,P0014,88.08860718640904,"ARIMA(1,0,1)"
2024-01-16,S002,P0014,88.53589796336097,"ARIMA(1,0,1)"
2024-01-17,S002,P0014,88.94417476110918,"ARIMA(1,0,1)"
2024-01-18,S002,P0014,89.31684049035907,"ARIMA(1,0,1)"
2024-01-19,S002,P0014,89.65700125022423,"ARIMA(1,0,1)"
2024-01-20,S002,P0014,89.96749221698136,"ARIMA(1,0,1)"
2024-01-21,S002,P0014,90.25090127473389,"ARIMA(1,0,1)"
2024-01-22,S002,P0014,90.50959058494178,"ARIMA(1,0,1)"
2024-01-23,S002,P0014,90.74571627459517,"ARIMA(1,0,1)"
2024-01-24,S002,P0014,90.96124640712937,"ARIMA(1,0,1)"
2024-01-25,S002,P0014,91.15797738586531,"ARIMA(1,0,1)"
2024-01-26,S002,P0014,91.33754892669502,"ARIMA(1,0,1)"
2024-01-27,S002,P0014,91.5014577248068,"ARIMA(1,0,1)"
2024-01-28,S002,P0014,91.65106992935942,"ARIMA(1,0,1)"
2024-01-29,S002,P0014,91.7876325300798,"ARIMA(1,0,1)"
2024-01-30,S002,P0014,91.91228375068899,"ARIMA(1,0,1)"
2024-01-01,S002,P0015,128.03358340650715,TunedRF_300_depth12_leaf1
2024-01-02,S002,P0015,132.92535342883312,TunedRF_300_depth12_leaf1
2024-01-03,S002,P0015,131.3810685290152,TunedRF_300_depth12_leaf1
2024-01-04,S002,P0015,126.34556349105051,TunedRF_300_depth12_leaf1
2024-01-05,S002,P0015,125.88902995969785,TunedRF_300_depth12_leaf1
2024-01-06,S002,P0015,127.42209561072428,TunedRF_300_depth12_leaf1
2024-01-07,S002,P0015,127.13671276794426,TunedRF_300_depth12_leaf1
2024-01-08,S002,P0015,125.64979517882648,TunedRF_300_depth12_leaf1
2024-01-09,S002,P0015,126.01297180707185,TunedRF_300_depth12_leaf1
2024-01-10,S002,P0015,128.9282698054617,TunedRF_300_depth12_leaf1
2024-01-11,S002,P0015,125.10122637582509,TunedRF_300_depth12_leaf1
2024-01-12,S002,P0015,125.19480012401532,TunedRF_300_depth12_leaf1
2024-01-13,S002,P0015,125.05948504791621,TunedRF_300_depth12_leaf1
2024-01-14,S002,P0015,124.7603207810865,TunedRF_300_depth12_leaf1
2024-01-15,S002,P0015,124.35983218166452,TunedRF_300_depth12_leaf1
2024-01-16,S002,P0015,124.30329379523302,TunedRF_300_depth12_leaf1
2024-01-17,S002,P0015,126.17127811644244,TunedRF_300_depth12_leaf1
2024-01-18,S002,P0015,124.29704620603894,TunedRF_300_depth12_leaf1
2024-01-19,S002,P0015,124.24182059139824,TunedRF_300_depth12_leaf1
2024-01-20,S002,P0015,123.7834163954595,TunedRF_300_depth12_leaf1
2024-01-21,S002,P0015,123.80194790273289,TunedRF_300_depth12_leaf1
2024-01-22,S002,P0015,123.3876167716155,TunedRF_300_depth12_leaf1
2024-01-23,S002,P0015,123.19837483475746,TunedRF_300_depth12_leaf1
2024-01-24,S002,P0015,123.32931046294138,TunedRF_300_depth12_leaf1
2024-01-25,S002,P0015,121.95430215789597,TunedRF_300_depth12_leaf1
2024-01-26,S002,P0015,121.35317311037043,TunedRF_300_depth12_leaf1
2024-01-27,S002,P0015,121.39815845504515,TunedRF_300_depth12_leaf1
2024-01-28,S002,P0015,121.15629456029494,TunedRF_300_depth12_leaf1
2024-01-29,S002,P0015,111.48014478884541,TunedRF_300_depth12_leaf1
2024-01-30,S002,P0015,111.48662711384007,TunedRF_300_depth12_leaf1
2024-01-01,S002,P0016,122.73333333333333,RandomForest
2024-01-02,S002,P0016,129.14333333333335,RandomForest
2024-01-03,S002,P0016,126.25666666666666,RandomForest
2024-01-04,S002,P0016,127.16666666666667,RandomForest
2024-01-05,S002,P0016,120.30666666666667,RandomForest
2024-01-06,S002,P0016,126.08333333333333,RandomForest
2024-01-07,S002,P0016,138.95,RandomForest
2024-01-08,S002,P0016,127.76,RandomForest
2024-01-09,S002,P0016,129.22333333333333,RandomForest
2024-01-10,S002,P0016,137.87,RandomForest
2024-01-11,S002,P0016,124.76666666666667,RandomForest
2024-01-12,S002,P0016,121.00666666666666,RandomForest
2024-01-13,S002,P0016,123.54,RandomForest
2024-01-14,S002,P0016,130.24333333333334,RandomForest
2024-01-15,S002,P0016,125.84,RandomForest
2024-01-16,S002,P0016,126.59666666666666,RandomForest
2024-01-17,S002,P0016,133.89666666666668,RandomForest
2024-01-18,S002,P0016,129.84666666666666,RandomForest
2024-01-19,S002,P0016,128.47333333333333,RandomForest
2024-01-20,S002,P0016,126.00666666666666,RandomForest
2024-01-21,S002,P0016,132.06666666666666,RandomForest
2024-01-22,S002,P0016,126.76333333333334,RandomForest
2024-01-23,S002,P0016,122.98,RandomForest
2024-01-24,S002,P0016,132.44666666666666,RandomForest
2024-01-25,S002,P0016,122.57333333333334,RandomForest
2024-01-26,S002,P0016,121.54333333333334,RandomForest
2024-01-27,S002,P0016,110.34,RandomForest
2024-01-28,S002,P0016,117.75666666666666,RandomForest
2024-01-29,S002,P0016,112.51333333333334,RandomForest
2024-01-30,S002,P0016,112.32333333333334,RandomForest
2024-01-01,S002,P0017,33.60228759553624,TunedRF_300_depth12_leaf1
2024-01-02,S002,P0017,31.157200148926385,TunedRF_300_depth12_leaf1
2024-01-03,S002,P0017,32.226195579851904,TunedRF_300_depth12_leaf1
2024-01-04,S002,P0017,32.58605052052246,TunedRF_300_depth12_leaf1
2024-01-05,S002,P0017,33.07198353734812,TunedRF_300_depth12_leaf1
2024-01-06,S002,P0017,32.77532418119695,TunedRF_300_depth12_leaf1
2024-01-07,S002,P0017,33.379694315760794,TunedRF_300_depth12_leaf1
2024-01-08,S002,P0017,33.39494364255105,TunedRF_300_depth12_leaf1
2024-01-09,S002,P0017,32.159556604526315,TunedRF_300_depth12_leaf1
2024-01-10,S002,P0017,34.10407452510187,TunedRF_300_depth12_leaf1
2024-01-11,S002,P0017,34.26354621073656,TunedRF_300_depth12_leaf1
2024-01-12,S002,P0017,34.32138354380887,TunedRF_300_depth12_leaf1
2024-01-13,S002,P0017,34.79073692452404,TunedRF_300_depth12_leaf1
2024-01-14,S002,P0017,34.65039655168475,TunedRF_300_depth12_leaf1
2024-01-15,S002,P0017,34.55489966235939,TunedRF_300_depth12_leaf1
2024-01-16,S002,P0017,35.138166028648286,TunedRF_300_depth12_leaf1
2024-01-17,S002,P0017,34.967842874553334,TunedRF_300_depth12_leaf1
2024-01-18,S002,P0017,34.801811294394504,TunedRF_300_depth12_leaf1
2024-01-19,S002,P0017,34.7407564862264,TunedRF_300_depth12_leaf1
2024-01-20,S002,P0017,34.764860382420466,TunedRF_300_depth12_leaf1
2024-01-21,S002,P0017,35.55362663221605,TunedRF_300_depth12_leaf1
2024-01-22,S002,P0017,35.46716488876512,TunedRF_300_depth12_leaf1
2024-01-23,S002,P0017,36.60784160690306,TunedRF_300_depth12_leaf1
2024-01-24,S002,P0017,36.33486385742924,TunedRF_300_depth12_leaf1
2024-01-25,S002,P0017,37.442169406982806,TunedRF_300_depth12_leaf1
2024-01-26,S002,P0017,55.24134067366804,TunedRF_300_depth12_leaf1
2024-01-27,S002,P0017,58.94904224896163,TunedRF_300_depth12_leaf1
2024-01-28,S002,P0017,53.09972812642635,TunedRF_300_depth12_leaf1
2024-01-29,S002,P0017,55.8630887632242,TunedRF_300_depth12_leaf1
2024-01-30,S002,P0017,60.66908302767724,TunedRF_300_depth12_leaf1
2024-01-01,S002,P0018,127.31668847140605,HistGradientBoosting
2024-01-02,S002,P0018,128.26513353234583,HistGradientBoosting
2024-01-03,S002,P0018,128.04803612336565,HistGradientBoosting
2024-01-04,S002,P0018,125.64542480149053,HistGradientBoosting
2024-01-05,S002,P0018,125.71152930744542,HistGradientBoosting
2024-01-06,S002,P0018,125.26102693843579,HistGradientBoosting
2024-01-07,S002,P0018,134.7230565817791,HistGradientBoosting
2024-01-08,S002,P0018,126.30106478677331,HistGradientBoosting
2024-01-09,S002,P0018,128.53545292328778,HistGradientBoosting
2024-01-10,S002,P0018,129.96965399938838,HistGradientBoosting
2024-01-11,S002,P0018,129.22114838035176,HistGradientBoosting
2024-01-12,S002,P0018,129.0733830909982,HistGradientBoosting
2024-01-13,S002,P0018,130.2396704539099,HistGradientBoosting
2024-01-14,S002,P0018,124.09817636571917,HistGradientBoosting
2024-01-15,S002,P0018,121.85283909599504,HistGradientBoosting
2024-01-16,S002,P0018,124.42606843610112,HistGradientBoosting
2024-01-17,S002,P0018,127.84323767322053,HistGradientBoosting
2024-01-18,S002,P0018,129.1749018433999,HistGradientBoosting
2024-01-19,S002,P0018,129.03678329797097,HistGradientBoosting
2024-01-20,S002,P0018,128.9073072944442,HistGradientBoosting
2024-01-21,S002,P0018,131.73376548558,HistGradientBoosting
2024-01-22,S002,P0018,128.51650466411164,HistGradientBoosting
2024-01-23,S002,P0018,123.9770939296183,HistGradientBoosting
2024-01-24,S002,P0018,128.6556702903674,HistGradientBoosting
2024-01-25,S002,P0018,125.47833917148752,HistGradientBoosting
2024-01-26,S002,P0018,123.76567860340889,HistGradientBoosting
2024-01-27,S002,P0018,125.51754709038975,HistGradientBoosting
2024-01-28,S002,P0018,123.15142163585216,HistGradientBoosting
2024-01-29,S002,P0018,114.68410316486683,HistGradientBoosting
2024-01-30,S002,P0018,111.97860387336664,HistGradientBoosting
2024-01-01,S002,P0019,132.72,RandomForest
2024-01-02,S002,P0019,137.44666666666666,RandomForest
2024-01-03,S002,P0019,132.11,RandomForest
2024-01-04,S002,P0019,136.51,RandomForest
2024-01-05,S002,P0019,127.73333333333333,RandomForest
2024-01-06,S002,P0019,134.72666666666666,RandomForest
2024-01-07,S002,P0019,128.07,RandomForest
2024-01-08,S002,P0019,129.93666666666667,RandomForest
2024-01-09,S002,P0019,124.49333333333334,RandomForest
2024-01-10,S002,P0019,135.05,RandomForest
2024-01-11,S002,P0019,124.66666666666667,RandomForest
2024-01-12,S002,P0019,125.71,RandomForest
2024-01-13,S002,P0019,122.29666666666667,RandomForest
2024-01-14,S002,P0019,127.90666666666667,RandomForest
2024-01-15,S002,P0019,130.64,RandomForest
2024-01-16,S002,P0019,130.96666666666667,RandomForest
2024-01-17,S002,P0019,132.48333333333332,RandomForest
2024-01-18,S002,P0019,131.19333333333333,RandomForest
2024-01-19,S002,P0019,130.48333333333332,RandomForest
2024-01-20,S002,P0019,126.29666666666667,RandomForest
2024-01-21,S002,P0019,118.83,RandomForest
2024-01-22,S002,P0019,123.71666666666667,RandomForest
2024-01-23,S002,P0019,121.54666666666667,RandomForest
2024-01-24,S002,P0019,122.91666666666667,RandomForest
2024-01-25,S002,P0019,110.39,RandomForest
2024-01-26,S002,P0019,118.91,RandomForest
2024-01-27,S002,P0019,117.48333333333333,RandomForest
2024-01-28,S002,P0019,127.35666666666667,RandomForest
2024-01-29,S002,P0019,115.54,RandomForest
2024-01-30,S002,P0019,113.00666666666666,RandomForest
2024-01-01,S002,P0020,54.54972280261826,"ARIMA(1,0,1)"
2024-01-02,S002,P0020,56.862618479416625,"ARIMA(1,0,1)"
2024-01-03,S002,P0020,58.89504112826509,"ARIMA(1,0,1)"
2024-01-04,S002,P0020,60.68100227860551,"ARIMA(1,0,1)"
2024-01-05,S002,P0020,62.250389055677935,"ARIMA(1,0,1)"
2024-01-06,S002,P0020,63.62946432592124,"ARIMA(1,0,1)"
2024-01-07,S002,P0020,64.8413061922994,"ARIMA(1,0,1)"
2024-01-08,S002,P0020,65.90619419427757,"ARIMA(1,0,1)"
2024-01-09,S002,P0020,66.84194867530258,"ARIMA(1,0,1)"
2024-01-10,S002,P0020,67.6642289969249,"ARIMA(1,0,1)"
2024-01-11,S002,P0020,68.38679559001959,"ARIMA(1,0,1)"
2024-01-12,S002,P0020,69.02174022839591,"ARIMA(1,0,1)"
2024-01-13,S002,P0020,69.57968837830437,"ARIMA(1,0,1)"
2024-01-14,S002,P0020,70.06997701005399,"ARIMA(1,0,1)"
2024-01-15,S002,P0020,70.50081084732425,"ARIMA(1,0,1)"
2024-01-16,S002,P0020,70.87939966892232,"ARIMA(1,0,1)"
2024-01-17,S002,P0020,71.21207896065842,"ARIMA(1,0,1)"
2024-01-18,S002,P0020,71.50441593638543,"ARIMA(1,0,1)"
2024-01-19,S002,P0020,71.76130270240935,"ARIMA(1,0,1)"
2024-01-20,S002,P0020,71.98703812432825,"ARIMA(1,0,1)"
2024-01-21,S002,P0020,72.18539976629836,"ARIMA(1,0,1)"
2024-01-22,S002,P0020,72.3597071065935,"ARIMA(1,0,1)"
2024-01-23,S002,P0020,72.51287708733676,"ARIMA(1,0,1)"
2024-01-24,S002,P0020,72.64747292800052,"ARIMA(1,0,1)"
2024-01-25,S002,P0020,72.76574701954301,"ARIMA(1,0,1)"
2024-01-26,S002,P0020,72.86967861699216,"ARIMA(1,0,1)"
2024-01-27,S002,P0020,72.9610069612429,"ARIMA(1,0,1)"
2024-01-28,S002,P0020,73.04126038434323,"ARIMA(1,0,1)"
2024-01-29,S002,P0020,73.11178188533134,"ARIMA(1,0,1)"
2024-01-30,S002,P0020,73.17375160462167,"ARIMA(1,0,1)"
2024-01-01,S003,P0001,45.126666666666665,RandomForest
2024-01-02,S003,P0001,40.91,RandomForest
2024-01-03,S003,P0001,27.266666666666666,RandomForest
2024-01-04,S003,P0001,27.57,RandomForest
2024-01-05,S003,P0001,31.36,RandomForest
2024-01-06,S003,P0001,27.76,RandomForest
2024-01-07,S003,P0001,34.916666666666664,RandomForest
2024-01-08,S003,P0001,30.28,RandomForest
2024-01-09,S003,P0001,30.88,RandomForest
2024-01-10,S003,P0001,32.24,RandomForest
2024-01-11,S003,P0001,34.833333333333336,RandomForest
2024-01-12,S003,P0001,31.823333333333334,RandomForest
2024-01-13,S003,P0001,33.24,RandomForest
2024-01-14,S003,P0001,37.53333333333333,RandomForest
2024-01-15,S003,P0001,30.273333333333333,RandomForest
2024-01-16,S003,P0001,37.593333333333334,RandomForest
2024-01-17,S003,P0001,37.17333333333333,RandomForest
2024-01-18,S003,P0001,38.916666666666664,RandomForest
2024-01-19,S003,P0001,38.72666666666667,RandomForest
2024-01-20,S003,P0001,38.10666666666667,RandomForest
2024-01-21,S003,P0001,37.28333333333333,RandomForest
2024-01-22,S003,P0001,36.10333333333333,RandomForest
2024-01-23,S003,P0001,41.0,RandomForest
2024-01-24,S003,P0001,40.20333333333333,RandomForest
2024-01-25,S003,P0001,47.63,RandomForest
2024-01-26,S003,P0001,63.15,RandomForest
2024-01-27,S003,P0001,53.166666666666664,RandomForest
2024-01-28,S003,P0001,58.07333333333333,RandomForest
2024-01-29,S003,P0001,62.72,RandomForest
2024-01-30,S003,P0001,83.37666666666667,RandomForest
2024-01-01,S003,P0002,106.78084301766432,HistGradientBoosting
2024-01-02,S003,P0002,118.97849719231134,HistGradientBoosting
2024-01-03,S003,P0002,114.27529257714852,HistGradientBoosting
2024-01-04,S003,P0002,116.85758152330332,HistGradientBoosting
2024-01-05,S003,P0002,113.73349097356888,HistGradientBoosting
2024-01-06,S003,P0002,113.08337890911383,HistGradientBoosting
2024-01-07,S003,P0002,124.62567143959993,HistGradientBoosting
2024-01-08,S003,P0002,117.75151311108701,HistGradientBoosting
2024-01-09,S003,P0002,120.52524337653323,HistGradientBoosting
2024-01-10,S003,P0002,123.94451411751731,HistGradientBoosting
2024-01-11,S003,P0002,125.55250383194969,HistGradientBoosting
2024-01-12,S003,P0002,123.78671866461642,HistGradientBoosting
2024-01-13,S003,P0002,126.02965942501339,HistGradientBoosting
2024-01-14,S003,P0002,126.95256817159999,HistGradientBoosting
2024-01-15,S003,P0002,122.26243137806715,HistGradientBoosting
2024-01-16,S003,P0002,125.16890708691615,HistGradientBoosting
2024-01-17,S003,P0002,126.07568138176781,HistGradientBoosting
2024-01-18,S003,P0002,126.02195113389965,HistGradientBoosting
2024-01-19,S003,P0002,126.19562497725872,HistGradientBoosting
2024-01-20,S003,P0002,125.7910505669884,HistGradientBoosting
2024-01-21,S003,P0002,126.64562266812302,HistGradientBoosting
2024-01-22,S003,P0002,122.69908611423057,HistGradientBoosting
2024-01-23,S003,P0002,122.5359295200446,HistGradientBoosting
2024-01-24,S003,P0002,122.92278864440314,HistGradientBoosting
2024-01-25,S003,P0002,120.58064478081454,HistGradientBoosting
2024-01-26,S003,P0002,120.66477440395109,HistGradientBoosting
2024-01-27,S003,P0002,120.38397579915878,HistGradientBoosting
2024-01-28,S003,P0002,118.14458125613758,HistGradientBoosting
2024-01-29,S003,P0002,100.67560515032665,HistGradientBoosting
2024-01-30,S003,P0002,99.2648120615154,HistGradientBoosting
2024-01-01,S003,P0003,91.25912480413587,"ARIMA(1,0,1)"
2024-01-02,S003,P0003,92.59774170074395,"ARIMA(1,0,1)"
2024-01-03,S003,P0003,93.84838375413759,"ARIMA(1,0,1)"
2024-01-04,S003,P0003,95.01683273284083,"ARIMA(1,0,1)"
2024-01-05,S003,P0003,96.10849042348698,"ARIMA(1,0,1)"
2024-01-06,S003,P0003,97.12840360349546,"ARIMA(1,0,1)"
2024-01-07,S003,P0003,98.08128737252684,"ARIMA(1,0,1)"
2024-01-08,S003,P0003,98.97154695057831,"ARIMA(1,0,1)"
2024-01-09,S003,P0003,99.80329804349283,"ARIMA(1,0,1)"
2024-01-10,S003,P0003,100.5803858700329,"ARIMA(1,0,1)"
2024-01-11,S003,P0003,101.30640293848158,"ARIMA(1,0,1)"
2024-01-12,S003,P0003,101.98470565495273,"ARIMA(1,0,1)"
2024-01-13,S003,P0003,102.61842984019162,"ARIMA(1,0,1)"
2024-01-14,S003,P0003,103.21050522660026,"ARIMA(1,0,1)"
2024-01-15,S003,P0003,103.76366900250821,"ARIMA(1,0,1)"
2024-01-16,S003,P0003,104.28047846630436,"ARIMA(1,0,1)"
2024-01-17,S003,P0003,104.76332284893022,"ARIMA(1,0,1)"
2024-01-18,S003,P0003,105.21443435939068,"ARIMA(1,0,1)"
2024-01-19,S003,P0003,105.63589850434607,"ARIMA(1,0,1)"
2024-01-20,S003,P0003,106.02966372949334,"ARIMA(1,0,1)"
2024-01-21,S003,P0003,106.39755042730881,"ARIMA(1,0,1)"
2024-01-22,S003,P0003,106.741259352796,"ARIMA(1,0,1)"
2024-01-23,S003,P0003,107.06237948614425,"ARIMA(1,0,1)"
2024-01-24,S003,P0003,107.36239537864816,"ARIMA(1,0,1)"
2024-01-25,S003,P0003,107.64269401584791,"ARIMA(1,0,1)"
2024-01-26,S003,P0003,107.90457122961922,"ARIMA(1,0,1)"
2024-01-27,S003,P0003,108.14923768885625,"ARIMA(1,0,1)"
2024-01-28,S003,P0003,108.37782449644257,"ARIMA(1,0,1)"
2024-01-29,S003,P0003,108.5913884183853,"ARIMA(1,0,1)"
2024-01-30,S003,P0003,108.79091676928692,"ARIMA(1,0,1)"
2024-01-01,S003,P0004,115.39666666666666,RandomForest
2024-01-02,S003,P0004,113.89,RandomForest
2024-01-03,S003,P0004,104.76666666666667,RandomForest
2024-01-04,S003,P0004,115.00333333333333,RandomForest
2024-01-05,S003,P0004,125.83666666666667,RandomForest
2024-01-06,S003,P0004,120.74333333333334,RandomForest
2024-01-07,S003,P0004,129.02,RandomForest
2024-01-08,S003,P0004,125.37333333333333,RandomForest
2024-01-09,S003,P0004,126.20333333333333,RandomForest
2024-01-10,S003,P0004,120.31,RandomForest
2024-01-11,S003,P0004,124.11,RandomForest
2024-01-12,S003,P0004,136.56,RandomForest
2024-01-13,S003,P0004,129.62333333333333,RandomForest
2024-01-14,S003,P0004,128.28333333333333,RandomForest
2024-01-15,S003,P0004,124.86,RandomForest
2024-01-16,S003,P0004,129.47666666666666,RandomForest
2024-01-17,S003,P0004,134.37,RandomForest
2024-01-18,S003,P0004,128.62,RandomForest
2024-01-19,S003,P0004,134.55,RandomForest
2024-01-20,S003,P0004,127.02,RandomForest
2024-01-21,S003,P0004,132.95,RandomForest
2024-01-22,S003,P0004,124.33,RandomForest
2024-01-23,S003,P0004,125.02333333333333,RandomForest
2024-01-24,S003,P0004,125.17,RandomForest
2024-01-25,S003,P0004,125.36666666666666,RandomForest
2024-01-26,S003,P0004,130.06333333333333,RandomForest
2024-01-27,S003,P0004,121.16666666666667,RandomForest
2024-01-28,S003,P0004,112.68666666666667,RandomForest
2024-01-29,S003,P0004,93.86666666666666,RandomForest
2024-01-30,S003,P0004,83.53333333333333,RandomForest
2024-01-01,S003,P0005,51.588068556746336,"ARIMA(1,0,1)"
2024-01-02,S003,P0005,54.27257413290409,"ARIMA(1,0,1)"
2024-01-03,S003,P0005,56.77418191496587,"ARIMA(1,0,1)"
2024-01-04,S003,P0005,59.10535289514652,"ARIMA(1,0,1)"
2024-01-05,S003,P0005,61.27769908698538,"ARIMA(1,0,1)"
2024-01-06,S003,P0005,63.30204136703175,"ARIMA(1,0,1)"
2024-01-07,S003,P0005,65.18846337572386,"ARIMA(1,0,1)"
2024-01-08,S003,P0005,66.94636174595227,"ARIMA(1,0,1)"
2024-01-09,S003,P0005,68.58449290950577,"ARIMA(1,0,1)"
2024-01-10,S003,P0005,70.11101671455168,"ARIMA(1,0,1)"
2024-01-11,S003,P0005,71.53353707141797,"ARIMA(1,0,1)"
2024-01-12,S003,P0005,72.85913982914116,"ARIMA(1,0,1)"
2024-01-13,S003,P0005,74.09442807145099,"ARIMA(1,0,1)"
2024-01-14,S003,P0005,75.24555500800764,"ARIMA(1,0,1)"
2024-01-15,S003,P0005,76.31825462472911,"ARIMA(1,0,1)"
2024-01-16,S003,P0005,77.31787024588415,"ARIMA(1,0,1)"
2024-01-17,S003,P0005,78.24938115022395,"ARIMA(1,0,1)"
2024-01-18,S003,P0005,79.1174273737327,"ARIMA(1,0,1)"
2024-01-19,S003,P0005,79.92633282254417,"ARIMA(1,0,1)"
2024-01-20,S003,P0005,80.68012681115462,"ARIMA(1,0,1)"
2024-01-21,S003,P0005,81.38256413321757,"ARIMA(1,0,1)"
2024-01-22,S003,P0005,82.03714376489722,"ARIMA(1,0,1)"
2024-01-23,S003,P0005,82.64712629394552,"ARIMA(1,0,1)"
2024-01-24,S003,P0005,83.21555016132037,"ARIMA(1,0,1)"
2024-01-25,S003,P0005,83.74524679624776,"ARIMA(1,0,1)"
2024-01-26,S003,P0005,84.23885472011835,"ARIMA(1,0,1)"
2024-01-27,S003,P0005,84.69883268947294,"ARIMA(1,0,1)"
2024-01-28,S003,P0005,85.12747194354418,"ARIMA(1,0,1)"
2024-01-29,S003,P0005,85.52690761736258,"ARIMA(1,0,1)"
2024-01-30,S003,P0005,85.89912937727688,"ARIMA(1,0,1)"
2024-01-01,S003,P0006,57.3153478358177,"ARIMA(1,0,1)"
2024-01-02,S003,P0006,59.460561613253496,"ARIMA(1,0,1)"
2024-01-03,S003,P0006,61.47926806531113,"ARIMA(1,0,1)"
2024-01-04,S003,P0006,63.378927568920254,"ARIMA(1,0,1)"
2024-01-05,S003,P0006,65.16656054843253,"ARIMA(1,0,1)"
2024-01-06,S003,P0006,66.84877342045966,"ARIMA(1,0,1)"
2024-01-07,S003,P0006,68.43178300869508,"ARIMA(1,0,1)"
2024-01-08,S003,P0006,69.92143951894727,"ARIMA(1,0,1)"
2024-01-09,S003,P0006,71.32324815929186,"ARIMA(1,0,1)"
2024-01-10,S003,P0006,72.64238948524229,"ARIMA(1,0,1)"
2024-01-11,S003,P0006,73.88373854512716,"ARIMA(1,0,1)"
2024-01-12,S003,P0006,75.05188289642842,"ARIMA(1,0,1)"
2024-01-13,S003,P0006,76.15113955966189,"ARIMA(1,0,1)"
2024-01-14,S003,P0006,77.18557097245527,"ARIMA(1,0,1)"
2024-01-15,S003,P0006,78.15900000278397,"ARIMA(1,0,1)"
2024-01-16,S003,P0006,79.07502407684787,"ARIMA(1,0,1)"
2024-01-17,S003,P0006,79.93702847380047,"ARIMA(1,0,1)"
2024-01-18,S003,P0006,80.74819883646252,"ARIMA(1,0,1)"
2024-01-19,S003,P0006,81.51153294425535,"ARIMA(1,0,1)"
2024-01-20,S003,P0006,82.22985179186173,"ARIMA(1,0,1)"
2024-01-21,S003,P0006,82.90581001455735,"ARIMA(1,0,1)"
2024-01-22,S003,P0006,83.54190569874044,"ARIMA(1,0,1)"
2024-01-23,S003,P0006,84.14048961391617,"ARIMA(1,0,1)"
2024-01-24,S003,P0006,84.70377390025315,"ARIMA(1,0,1)"
2024-01-25,S003,P0006,85.23384024381838,"ARIMA(1,0,1)"
2024-01-26,S003,P0006,85.73264756970305,"ARIMA(1,0,1)"
2024-01-27,S003,P0006,86.20203928147018,"ARIMA(1,0,1)"
2024-01-28,S003,P0006,86.64375007367816,"ARIMA(1,0,1)"
2024-01-29,S003,P0006,87.05941234265707,"ARIMA(1,0,1)"
2024-01-30,S003,P0006,87.45056221922911,"ARIMA(1,0,1)"
2024-01-01,S003,P0007,87.29755130326517,TunedRF_300_depth12_leaf1
2024-01-02,S003,P0007,87.74827700202599,TunedRF_300_depth12_leaf1
2024-01-03,S003,P0007,88.00053371859171,TunedRF_300_depth12_leaf1
2024-01-04,S003,P0007,87.2267439034185,TunedRF_300_depth12_leaf1
2024-01-05,S003,P0007,86.75158393110303,TunedRF_300_depth12_leaf1
2024-01-06,S003,P0007,90.10454297493311,TunedRF_300_depth12_leaf1
2024-01-07,S003,P0007,105.06300947169937,TunedRF_300_depth12_leaf1
2024-01-08,S003,P0007,108.57565581387856,TunedRF_300_depth12_leaf1
2024-01-09,S003,P0007,107.59854127022658,TunedRF_300_depth12_leaf1
2024-01-10,S003,P0007,97.83613056681675,TunedRF_300_depth12_leaf1
2024-01-11,S003,P0007,98.65546380245094,TunedRF_300_depth12_leaf1
2024-01-12,S003,P0007,97.76757885945096,TunedRF_300_depth12_leaf1
2024-01-13,S003,P0007,99.69078780245313,TunedRF_300_depth12_leaf1
2024-01-14,S003,P0007,105.19206886626881,TunedRF_300_depth12_leaf1
2024-01-15,S003,P0007,106.46101981422566,TunedRF_300_depth12_leaf1
2024-01-16,S003,P0007,106.17611291104767,TunedRF_300_depth12_leaf1
2024-01-17,S003,P0007,104.23353250685587,TunedRF_300_depth12_leaf1
2024-01-18,S003,P0007,106.42043601544967,TunedRF_300_depth12_leaf1
2024-01-19,S003,P0007,108.04850634035255,TunedRF_300_depth12_leaf1
2024-01-20,S003,P0007,107.60999776675271,TunedRF_300_depth12_leaf1
2024-01-21,S003,P0007,110.5296039037109,TunedRF_300_depth12_leaf1
2024-01-22,S003,P0007,114.15022951234356,TunedRF_300_depth12_leaf1
2024-01-23,S003,P0007,119.98003879365638,TunedRF_300_depth12_leaf1
2024-01-24,S003,P0007,121.05525574847586,TunedRF_300_depth12_leaf1
2024-01-25,S003,P0007,121.87077924757212,TunedRF_300_depth12_leaf1
2024-01-26,S003,P0007,120.98647992918195,TunedRF_300_depth12_leaf1
2024-01-27,S003,P0007,122.1005805937227,TunedRF_300_depth12_leaf1
2024-01-28,S003,P0007,119.8004421997023,TunedRF_300_depth12_leaf1
2024-01-29,S003,P0007,103.45917918038012,TunedRF_300_depth12_leaf1
2024-01-30,S003,P0007,98.6800476322771,TunedRF_300_depth12_leaf1
2024-01-01,S003,P0008,127.56826653244866,TunedRF_300_depth12_leaf1
2024-01-02,S003,P0008,128.97686356745731,TunedRF_300_depth12_leaf1
2024-01-03,S003,P0008,131.77897064375836,TunedRF_300_depth12_leaf1
2024-01-04,S003,P0008,129.3998247391193,TunedRF_300_depth12_leaf1
2024-01-05,S003,P0008,127.85859174664047,TunedRF_300_depth12_leaf1
2024-01-06,S003,P0008,133.91284193908172,TunedRF_300_depth12_leaf1
2024-01-07,S003,P0008,129.9942623365144,TunedRF_300_depth12_leaf1
2024-01-08,S003,P0008,129.15650193620579,TunedRF_300_depth12_leaf1
2024-01-09,S003,P0008,126.19435973736734,TunedRF_300_depth12_leaf1
2024-01-10,S003,P0008,126.57573240715698,TunedRF_300_depth12_leaf1
2024-01-11,S003,P0008,124.90381711385977,TunedRF_300_depth12_leaf1
2024-01-12,S003,P0008,124.09936387607236,TunedRF_300_depth12_leaf1
2024-01-13,S003,P0008,124.93948498169188,TunedRF_300_depth12_leaf1
2024-01-14,S003,P0008,124.89152053655613,TunedRF_300_depth12_leaf1
2024-01-15,S003,P0008,124.10742463957838,TunedRF_300_depth12_leaf1
2024-01-16,S003,P0008,123.88589312921242,TunedRF_300_depth12_leaf1
2024-01-17,S003,P0008,126.32304473333771,TunedRF_300_depth12_leaf1
2024-01-18,S003,P0008,123.64316052405084,TunedRF_300_depth12_leaf1
2024-01-19,S003,P0008,122.80116023591744,TunedRF_300_depth12_leaf1
2024-01-20,S003,P0008,123.87060788952918,TunedRF_300_depth12_leaf1
2024-01-21,S003,P0008,123.71856095158395,TunedRF_300_depth12_leaf1
2024-01-22,S003,P0008,123.30855916671419,TunedRF_300_depth12_leaf1
2024-01-23,S003,P0008,123.89311795635787,TunedRF_300_depth12_leaf1
2024-01-24,S003,P0008,125.37016160659215,TunedRF_300_depth12_leaf1
2024-01-25,S003,P0008,122.77749466820266,TunedRF_300_depth12_leaf1
2024-01-26,S003,P0008,122.40666595426431,TunedRF_300_depth12_leaf1
2024-01-27,S003,P0008,122.04083302574271,TunedRF_300_depth12_leaf1
2024-01-28,S003,P0008,120.75422191897043,TunedRF_300_depth12_leaf1
2024-01-29,S003,P0008,111.53731163750898,TunedRF_300_depth12_leaf1
2024-01-30,S003,P0008,109.0734850821595,TunedRF_300_depth12_leaf1
2024-01-01,S003,P0009,107.4137974675656,HistGradientBoosting
2024-01-02,S003,P0009,110.08784629550892,HistGradientBoosting
2024-01-03,S003,P0009,110.3233663449044,HistGradientBoosting
2024-01-04,S003,P0009,107.13836893831217,HistGradientBoosting
2024-01-05,S003,P0009,114.9006220034803,HistGradientBoosting
2024-01-06,S003,P0009,118.27546410029701,HistGradientBoosting
2024-01-07,S003,P0009,120.87503040218421,HistGradientBoosting
2024-01-08,S003,P0009,120.51654989602382,HistGradientBoosting
2024-01-09,S003,P0009,123.83388859559541,HistGradientBoosting
2024-01-10,S003,P0009,123.06121111416489,HistGradientBoosting
2024-01-11,S003,P0009,125.607398787181,HistGradientBoosting
2024-01-12,S003,P0009,126.20823355789832,HistGradientBoosting
2024-01-13,S003,P0009,124.05641619752855,HistGradientBoosting
2024-01-14,S003,P0009,126.87078889822585,HistGradientBoosting
2024-01-15,S003,P0009,122.07914115179148,HistGradientBoosting
2024-01-16,S003,P0009,125.16120802418044,HistGradientBoosting
2024-01-17,S003,P0009,124.9326472581708,HistGradientBoosting
2024-01-18,S003,P0009,126.11252051080587,HistGradientBoosting
2024-01-19,S003,P0009,126.16757595175274,HistGradientBoosting
2024-01-20,S003,P0009,125.76300154148242,HistGradientBoosting
2024-01-21,S003,P0009,126.6038423209024,HistGradientBoosting
2024-01-22,S003,P0009,122.56800868664904,HistGradientBoosting
2024-01-23,S003,P0009,122.62475510767861,HistGradientBoosting
2024-01-24,S003,P0009,122.69358388862976,HistGradientBoosting
2024-01-25,S003,P0009,120.50759449347908,HistGradientBoosting
2024-01-26,S003,P0009,120.74509170235979,HistGradientBoosting
2024-01-27,S003,P0009,120.42463140216405,HistGradientBoosting
2024-01-28,S003,P0009,117.68801783907416,HistGradientBoosting
2024-01-29,S003,P0009,101.24566837474264,HistGradientBoosting
2024-01-30,S003,P0009,100.20060470155825,HistGradientBoosting
2024-01-01,S003,P0010,148.15666666666667,RandomForest
2024-01-02,S003,P0010,126.42333333333333,RandomForest
2024-01-03,S003,P0010,137.99333333333334,RandomForest
2024-01-04,S003,P0010,120.37666666666667,RandomForest
2024-01-05,S003,P0010,133.46666666666667,RandomForest
2024-01-06,S003,P0010,125.27666666666667,RandomForest
2024-01-07,S003,P0010,128.97333333333333,RandomForest
2024-01-08,S003,P0010,115.41666666666667,RandomForest
2024-01-09,S003,P0010,114.21666666666667,RandomForest
2024-01-10,S003,P0010,129.33,RandomForest
2024-01-11,S003,P0010,121.50666666666666,RandomForest
2024-01-12,S003,P0010,134.37666666666667,RandomForest
2024-01-13,S003,P0010,123.43333333333334,RandomForest
2024-01-14,S003,P0010,122.43666666666667,RandomForest
2024-01-15,S003,P0010,123.14,RandomForest
2024-01-16,S003,P0010,119.66333333333333,RandomForest
2024-01-17,S003,P0010,130.88666666666666,RandomForest
2024-01-18,S003,P0010,130.73333333333332,RandomForest
2024-01-19,S003,P0010,126.59666666666666,RandomForest
2024-01-20,S003,P0010,129.05,RandomForest
2024-01-21,S003,P0010,123.26,RandomForest
2024-01-22,S003,P0010,117.74,RandomForest
2024-01-23,S003,P0010,126.89333333333333,RandomForest
2024-01-24,S003,P0010,133.37666666666667,RandomForest
2024-01-25,S003,P0010,115.04666666666667,RandomForest
2024-01-26,S003,P0010,117.72,RandomForest
2024-01-27,S003,P0010,118.37,RandomForest
2024-01-28,S003,P0010,117.65333333333334,RandomForest
2024-01-29,S003,P0010,99.45,RandomForest
2024-01-30,S003,P0010,84.8,RandomForest
2024-01-01,S003,P0011,78.1720558394824,"ARIMA(1,0,1)"
2024-01-02,S003,P0011,80.17610885548301,"ARIMA(1,0,1)"
2024-01-03,S003,P0011,82.0423488632368,"ARIMA(1,0,1)"
2024-01-04,S003,P0011,83.7802528701335,"ARIMA(1,0,1)"
2024-01-05,S003,P0011,85.39864617680303,"ARIMA(1,0,1)"
2024-01-06,S003,P0011,86.90574719312998,"ARIMA(1,0,1)"
2024-01-07,S003,P0011,88.30920917239877,"ARIMA(1,0,1)"
2024-01-08,S003,P0011,89.61615907550049,"ARIMA(1,0,1)"
2024-01-09,S003,P0011,90.8332337625594,"ARIMA(1,0,1)"
2024-01-10,S003,P0011,91.96661369576427,"ARIMA(1,0,1)"
2024-01-11,S003,P0011,93.0220543245523,"ARIMA(1,0,1)"
2024-01-12,S003,P0011,94.00491531252351,"ARIMA(1,0,1)"
2024-01-13,S003,P0011,94.92018775450353,"ARIMA(1,0,1)"
2024-01-14,S003,P0011,95.77251952196667,"ARIMA(1,0,1)"
2024-01-15,S003,P0011,96.56623886552657,"ARIMA(1,0,1)"
2024-01-16,S003,P0011,97.30537639435086,"ARIMA(1,0,1)"
2024-01-17,S003,P0011,97.99368554411426,"ARIMA(1,0,1)"
2024-01-18,S003,P0011,98.63466163742888,"ARIMA(1,0,1)"
2024-01-19,S003,P0011,99.23155963354313,"ARIMA(1,0,1)"
2024-01-20,S003,P0011,99.78741065744445,"ARIMA(1,0,1)"
2024-01-21,S003,P0011,100.30503739230288,"ARIMA(1,0,1)"
2024-01-22,S003,P0011,100.78706841342007,"ARIMA(1,0,1)"
2024-01-23,S003,P0011,101.23595153647366,"ARIMA(1,0,1)"
2024-01-24,S003,P0011,101.65396624784087,"ARIMA(1,0,1)"
2024-01-25,S003,P0011,102.04323528012425,"ARIMA(1,0,1)"
2024-01-26,S003,P0011,102.40573539166152,"ARIMA(1,0,1)"
2024-01-27,S003,P0011,102.74330740475935,"ARIMA(1,0,1)"
2024-01-28,S003,P0011,103.05766555362628,"ARIMA(1,0,1)"
2024-01-29,S003,P0011,103.35040618947517,"ARIMA(1,0,1)"
2024-01-30,S003,P0011,103.6230158870004,"ARIMA(1,0,1)"
2024-01-01,S003,P0012,54.67053961909858,"ARIMA(1,0,1)"
2024-01-02,S003,P0012,56.124408057455824,"ARIMA(1,0,1)"
2024-01-03,S003,P0012,57.4681196622385,"ARIMA(1,0,1)"
2024-01-04,S003,P0012,58.71002080624282,"ARIMA(1,0,1)"
2024-01-05,S003,P0012,59.857825473546164,"ARIMA(1,0,1)"
2024-01-06,S003,P0012,60.918663174392,"ARIMA(1,0,1)"
2024-01-07,S003,P0012,61.899123229655444,"ARIMA(1,0,1)"
2024-01-08,S003,P0012,62.805295699959544,"ARIMA(1,0,1)"
2024-01-09,S003,P0012,63.64280921367061,"ARIMA(1,0,1)"
2024-01-10,S003,P0012,64.41686592873863,"ARIMA(1,0,1)"
2024-01-11,S003,P0012,65.1322738455458,"ARIMA(1,0,1)"
2024-01-12,S003,P0012,65.79347667147232,"ARIMA(1,0,1)"
2024-01-13,S003,P0012,66.40458142268108,"ARIMA(1,0,1)"
2024-01-14,S003,P0012,66.96938393456782,"ARIMA(1,0,1)"
2024-01-15,S003,P0012,67.49139243933331,"ARIMA(1,0,1)"
2024-01-16,S003,P0012,67.9738493571279,"ARIMA(1,0,1)"
2024-01-17,S003,P0012,68.41975143612258,"ARIMA(1,0,1)"
2024-01-18,S003,P0012,68.83186836660558,"ARIMA(1,0,1)"
2024-01-19,S003,P0012,69.21275998472414,"ARIMA(1,0,1)"
2024-01-20,S003,P0012,69.56479217273193,"ARIMA(1,0,1)"
2024-01-21,S003,P0012,69.89015155450487,"ARIMA(1,0,1)"
2024-01-22,S003,P0012,70.19085907760594,"ARIMA(1,0,1)"
2024-01-23,S003,P0012,70.46878256626279,"ARIMA(1,0,1)"
2024-01-24,S003,P0012,70.72564832323037,"ARIMA(1,0,1)"
2024-01-25,S003,P0012,70.96305185260242,"ARIMA(1,0,1)"
2024-01-26,S003,P0012,71.1824677701761,"ARIMA(1,0,1)"
2024-01-27,S003,P0012,71.38525896292731,"ARIMA(1,0,1)"
2024-01-28,S003,P0012,71.57268505448991,"ARIMA(1,0,1)"
2024-01-29,S003,P0012,71.74591022922186,"ARIMA(1,0,1)"
2024-01-30,S003,P0012,71.90601046345685,"ARIMA(1,0,1)"
2024-01-01,S003,P0013,103.96853502486533,HistGradientBoosting
2024-01-02,S003,P0013,113.08327684682928,HistGradientBoosting
2024-01-03,S003,P0013,108.52067269385444,HistGradientBoosting
2024-01-04,S003,P0013,118.25332035028461,HistGradientBoosting
2024-01-05,S003,P0013,117.72711681768655,HistGradientBoosting
2024-01-06,S003,P0013,123.81348693781347,HistGradientBoosting
2024-01-07,S003,P0013,128.00662251159656,HistGradientBoosting
2024-01-08,S003,P0013,121.3583910293747,HistGradientBoosting
2024-01-09,S003,P0013,122.66918168336326,HistGradientBoosting
2024-01-10,S003,P0013,122.06897198411264,HistGradientBoosting
2024-01-11,S003,P0013,123.02296217001727,HistGradientBoosting
2024-01-12,S003,P0013,124.34723924309665,HistGradientBoosting
2024-01-13,S003,P0013,126.157163105298,HistGradientBoosting
2024-01-14,S003,P0013,126.82625070645209,HistGradientBoosting
2024-01-15,S003,P0013,122.44713612098994,HistGradientBoosting
2024-01-16,S003,P0013,123.23299886602442,HistGradientBoosting
2024-01-17,S003,P0013,126.11252051080587,HistGradientBoosting
2024-01-18,S003,P0013,126.11252051080587,HistGradientBoosting
2024-01-19,S003,P0013,127.09765980954685,HistGradientBoosting
2024-01-20,S003,P0013,125.7355480753348,HistGradientBoosting
2024-01-21,S003,P0013,126.44917386826266,HistGradientBoosting
2024-01-22,S003,P0013,122.55938373539978,HistGradientBoosting
2024-01-23,S003,P0013,122.84469626659507,HistGradientBoosting
2024-01-24,S003,P0013,122.5495376207264,HistGradientBoosting
2024-01-25,S003,P0013,120.6523856428224,HistGradientBoosting
2024-01-26,S003,P0013,120.49879524339975,HistGradientBoosting
2024-01-27,S003,P0013,120.2717268864756,HistGradientBoosting
2024-01-28,S003,P0013,117.89390772119081,HistGradientBoosting
2024-01-29,S003,P0013,101.24566837474264,HistGradientBoosting
2024-01-30,S003,P0013,100.30211565445978,HistGradientBoosting
2024-01-01,S003,P0014,87.96665662599867,TunedRF_300_depth12_leaf1
2024-01-02,S003,P0014,92.81040427354539,TunedRF_300_depth12_leaf1
2024-01-03,S003,P0014,99.29946352494997,TunedRF_300_depth12_leaf1
2024-01-04,S003,P0014,103.72531512955516,TunedRF_300_depth12_leaf1
2024-01-05,S003,P0014,102.94406051606757,TunedRF_300_depth12_leaf1
2024-01-06,S003,P0014,123.82323055486007,TunedRF_300_depth12_leaf1
2024-01-07,S003,P0014,111.33264208072394,TunedRF_300_depth12_leaf1
2024-01-08,S003,P0014,105.52931075583614,TunedRF_300_depth12_leaf1
2024-01-09,S003,P0014,109.65631171183239,TunedRF_300_depth12_leaf1
2024-01-10,S003,P0014,115.46044552169765,TunedRF_300_depth12_leaf1
2024-01-11,S003,P0014,118.45577361628219,TunedRF_300_depth12_leaf1
2024-01-12,S003,P0014,119.6857075777124,TunedRF_300_depth12_leaf1
2024-01-13,S003,P0014,119.05581603374058,TunedRF_300_depth12_leaf1
2024-01-14,S003,P0014,120.84631512210018,TunedRF_300_depth12_leaf1
2024-01-15,S003,P0014,121.3868296657108,TunedRF_300_depth12_leaf1
2024-01-16,S003,P0014,122.51179251228663,TunedRF_300_depth12_leaf1
2024-01-17,S003,P0014,123.52813574973777,TunedRF_300_depth12_leaf1
2024-01-18,S003,P0014,123.64716726360079,TunedRF_300_depth12_leaf1
2024-01-19,S003,P0014,124.14909442601629,TunedRF_300_depth12_leaf1
2024-01-20,S003,P0014,125.41165163297934,TunedRF_300_depth12_leaf1
2024-01-21,S003,P0014,123.30965783585515,TunedRF_300_depth12_leaf1
2024-01-22,S003,P0014,120.12075728458211,TunedRF_300_depth12_leaf1
2024-01-23,S003,P0014,120.130732395516,TunedRF_300_depth12_leaf1
2024-01-24,S003,P0014,124.01656226903037,TunedRF_300_depth12_leaf1
2024-01-25,S003,P0014,120.56144516564663,TunedRF_300_depth12_leaf1
2024-01-26,S003,P0014,119.92447958691302,TunedRF_300_depth12_leaf1
2024-01-27,S003,P0014,119.1134911394593,TunedRF_300_depth12_leaf1
2024-01-28,S003,P0014,118.02238500067214,TunedRF_300_depth12_leaf1
2024-01-29,S003,P0014,102.14403948438618,TunedRF_300_depth12_leaf1
2024-01-30,S003,P0014,92.79467909053858,TunedRF_300_depth12_leaf1
2024-01-01,S003,P0015,113.68788740960348,HistGradientBoosting
2024-01-02,S003,P0015,114.1244023832373,HistGradientBoosting
2024-01-03,S003,P0015,112.72301964582472,HistGradientBoosting
2024-01-04,S003,P0015,118.603581170456,HistGradientBoosting
2024-01-05,S003,P0015,119.24836982566909,HistGradientBoosting
2024-01-06,S003,P0015,121.11559722738623,HistGradientBoosting
2024-01-07,S003,P0015,132.13751352999563,HistGradientBoosting
2024-01-08,S003,P0015,122.16962840079188,HistGradientBoosting
2024-01-09,S003,P0015,122.71334410362951,HistGradientBoosting
2024-01-10,S003,P0015,124.31215605250928,HistGradientBoosting
2024-01-11,S003,P0015,125.06516575845012,HistGradientBoosting
2024-01-12,S003,P0015,125.80013703503951,HistGradientBoosting
2024-01-13,S003,P0015,125.64457086054922,HistGradientBoosting
2024-01-14,S003,P0015,126.64616797146006,HistGradientBoosting
2024-01-15,S003,P0015,119.60224296204116,HistGradientBoosting
2024-01-16,S003,P0015,121.93319409463307,HistGradientBoosting
2024-01-17,S003,P0015,125.16781593902036,HistGradientBoosting
2024-01-18,S003,P0015,125.16781593902036,HistGradientBoosting
2024-01-19,S003,P0015,125.08342764145958,HistGradientBoosting
2024-01-20,S003,P0015,124.92786146696929,HistGradientBoosting
2024-01-21,S003,P0015,125.74332318651928,HistGradientBoosting
2024-01-22,S003,P0015,122.16282970342903,HistGradientBoosting
2024-01-23,S003,P0015,122.44814223462431,HistGradientBoosting
2024-01-24,S003,P0015,122.15298358875565,HistGradientBoosting
2024-01-25,S003,P0015,120.11104046150832,HistGradientBoosting
2024-01-26,S003,P0015,119.90906722505319,HistGradientBoosting
2024-01-27,S003,P0015,119.3446706030889,HistGradientBoosting
2024-01-28,S003,P0015,116.7311998866962,HistGradientBoosting
2024-01-29,S003,P0015,100.8341766137867,HistGradientBoosting
2024-01-30,S003,P0015,94.53101054044055,HistGradientBoosting
2024-01-01,S003,P0016,91.80226743133775,"ARIMA(1,0,1)"
2024-01-02,S003,P0016,92.91558267412665,"ARIMA(1,0,1)"
2024-01-03,S003,P0016,93.9457973654028,"ARIMA(1,0,1)"
2024-01-04,S003,P0016,94.89911433199931,"ARIMA(1,0,1)"
2024-01-05,S003,P0016,95.78127340670154,"ARIMA(1,0,1)"
2024-01-06,S003,P0016,96.59758598724628,"ARIMA(1,0,1)"
2024-01-07,S003,P0016,97.35296701575358,"ARIMA(1,0,1)"
2024-01-08,S003,P0016,98.05196457113605,"ARIMA(1,0,1)"
2024-01-09,S003,P0016,98.69878725265905,"ARIMA(1,0,1)"
2024-01-10,S003,P0016,99.29732951952529,"ARIMA(1,0,1)"
2024-01-11,S003,P0016,99.85119513905157,"ARIMA(1,0,1)"
2024-01-12,S003,P0016,100.36371888461655,"ARIMA(1,0,1)"
2024-01-13,S003,P0016,100.83798661402103,"ARIMA(1,0,1)"
2024-01-14,S003,P0016,101.27685384915088,"ARIMA(1,0,1)"
2024-01-15,S003,P0016,101.6829629688086,"ARIMA(1,0,1)"
2024-01-16,S003,P0016,102.05875911823033,"ARIMA(1,0,1)"
2024-01-17,S003,P0016,102.40650493107796,"ARIMA(1,0,1)"
2024-01-18,S003,P0016,102.72829415254586,"ARIMA(1,0,1)"
2024-01-19,S003,P0016,103.02606424560601,"ARIMA(1,0,1)"
2024-01-20,S003,P0016,103.30160805629235,"ARIMA(1,0,1)"
2024-01-21,S003,P0016,103.55658460825994,"ARIMA(1,0,1)"
2024-01-22,S003,P0016,103.79252909161212,"ARIMA(1,0,1)"
2024-01-23,S003,P0016,104.01086210613735,"ARIMA(1,0,1)"
2024-01-24,S003,P0016,104.21289821460833,"ARIMA(1,0,1)"
2024-01-25,S003,P0016,104.39985385764224,"ARIMA(1,0,1)"
2024-01-26,S003,P0016,104.57285467777656,"ARIMA(1,0,1)"
2024-01-27,S003,P0016,104.73294229685806,"ARIMA(1,0,1)"
2024-01-28,S003,P0016,104.88108058755101,"ARIMA(1,0,1)"
2024-01-29,S003,P0016,105.01816147672497,"ARIMA(1,0,1)"
2024-01-30,S003,P0016,105.14501031566337,"ARIMA(1,0,1)"
2024-01-01,S003,P0017,56.19265249072701,"ARIMA(1,0,1)"
2024-01-02,S003,P0017,57.33306940381053,"ARIMA(1,0,1)"
2024-01-03,S003,P0017,58.39240819168623,"ARIMA(1,0,1)"
2024-01-04,S003,P0017,59.37643311680215,"ARIMA(1,0,1)"
2024-01-05,S003,P0017,60.29049863043369,"ARIMA(1,0,1)"
2024-01-06,S003,P0017,61.13957850827524,"ARIMA(1,0,1)"
2024-01-07,S003,P0017,61.928292914632394,"ARIMA(1,0,1)"
2024-01-08,S003,P0017,62.66093354248083,"ARIMA(1,0,1)"
2024-01-09,S003,P0017,63.34148696618878,"ARIMA(1,0,1)"
2024-01-10,S003,P0017,63.97365633397388,"ARIMA(1,0,1)"
2024-01-11,S003,P0017,64.56088151813121,"ARIMA(1,0,1)"
2024-01-12,S003,P0017,65.10635783267773,"ARIMA(1,0,1)"
2024-01-13,S003,P0017,65.61305342026262,"ARIMA(1,0,1)"
2024-01-14,S003,P0017,66.08372540295254,"ARIMA(1,0,1)"
2024-01-15,S003,P0017,66.5209348847741,"ARIMA(1,0,1)"
2024-01-16,S003,P0017,66.9270608876482,"ARIMA(1,0,1)"
2024-01-17,S003,P0017,67.30431329654678,"ARIMA(1,0,1)"
2024-01-18,S003,P0017,67.65474488431168,"ARIMA(1,0,1)"
2024-01-19,S003,P0017,67.98026248156697,"ARIMA(1,0,1)"
2024-01-20,S003,P0017,68.2826373525045,"ARIMA(1,0,1)"
2024-01-21,S003,P0017,68.56351483300148,"ARIMA(1,0,1)"
2024-01-22,S003,P0017,68.8244232835143,"ARIMA(1,0,1)"
2024-01-23,S003,P0017,69.06678240546513,"ARIMA(1,0,1)"
2024-01-24,S003,P0017,69.29191096637345,"ARIMA(1,0,1)"
2024-01-25,S003,P0017,69.50103397576831,"ARIMA(1,0,1)"
2024-01-26,S003,P0017,69.6952893509278,"ARIMA(1,0,1)"
2024-01-27,S003,P0017,69.87573410871676,"ARIMA(1,0,1)"
2024-01-28,S003,P0017,70.04335011721477,"ARIMA(1,0,1)"
2024-01-29,S003,P0017,70.1990494384312,"ARIMA(1,0,1)"
2024-01-30,S003,P0017,70.3436792911791,"ARIMA(1,0,1)"
2024-01-01,S003,P0018,51.28265001581558,"ARIMA(1,0,1)"
2024-01-02,S003,P0018,52.9572902065197,"ARIMA(1,0,1)"
2024-01-03,S003,P0018,54.509462825206384,"ARIMA(1,0,1)"
2024-01-04,S003,P0018,55.94812400841117,"ARIMA(1,0,1)"
2024-01-05,S003,P0018,57.281574924335345,"ARIMA(1,0,1)"
2024-01-06,S003,P0018,58.51750967112412,"ARIMA(1,0,1)"
2024-01-07,S003,P0018,59.66305967231117,"ARIMA(1,0,1)"
2024-01-08,S003,P0018,60.72483482559434,"ARIMA(1,0,1)"
2024-01-09,S003,P0018,61.70896164237345,"ARIMA(1,0,1)"
2024-01-10,S003,P0018,62.62111859811781,"ARIMA(1,0,1)"
2024-01-11,S003,P0018,63.46656889753747,"ARIMA(1,0,1)"
2024-01-12,S003,P0018,64.25019084361526,"ARIMA(1,0,1)"
2024-01-13,S003,P0018,64.97650598573097,"ARIMA(1,0,1)"
2024-01-14,S003,P0018,65.64970520929403,"ARIMA(1,0,1)"
2024-01-15,S003,P0018,66.27367291742384,"ARIMA(1,0,1)"
2024-01-16,S003,P0018,66.85200944420728,"ARIMA(1,0,1)"
2024-01-17,S003,P0018,67.38805182885959,"ARIMA(1,0,1)"
2024-01-18,S003,P0018,67.88489307065672,"ARIMA(1,0,1)"
2024-01-19,S003,P0018,68.34539997574151,"ARIMA(1,0,1)"
2024-01-20,S003,P0018,68.77222969878086,"ARIMA(1,0,1)"
2024-01-21,S003,P0018,69.1678450749201,"ARIMA(1,0,1)"
2024-01-22,S003,P0018,69.53452883050139,"ARIMA(1,0,1)"
2024-01-23,S003,P0018,69.87439675454253,"ARIMA(1,0,1)"
2024-01-24,S003,P0018,70.18940990697662,"ARIMA(1,0,1)"
2024-01-25,S003,P0018,70.4813859340949,"ARIMA(1,0,1)"
2024-01-26,S003,P0018,70.75200955648353,"ARIMA(1,0,1)"
2024-01-27,S003,P0018,71.00284228997047,"ARIMA(1,0,1)"
2024-01-28,S003,P0018,71.23533145567303,"ARIMA(1,0,1)"
2024-01-29,S003,P0018,71.45081853113435,"ARIMA(1,0,1)"
2024-01-30,S003,P0018,71.65054689073577,"ARIMA(1,0,1)"
2024-01-01,S003,P0019,112.75008445414693,HistGradientBoosting
2024-01-02,S003,P0019,117.6349534736314,HistGradientBoosting
2024-01-03,S003,P0019,118.8010116253898,HistGradientBoosting
2024-01-04,S003,P0019,127.40224017360549,HistGradientBoosting
2024-01-05,S003,P0019,127.30052424939944,HistGradientBoosting
2024-01-06,S003,P0019,138.70807052738962,HistGradientBoosting
2024-01-07,S003,P0019,124.8712716750907,HistGradientBoosting
2024-01-08,S003,P0019,119.79337228166975,HistGradientBoosting
2024-01-09,S003,P0019,122.20547622320986,HistGradientBoosting
2024-01-10,S003,P0019,124.73019837150817,HistGradientBoosting
2024-01-11,S003,P0019,125.05790410238498,HistGradientBoosting
2024-01-12,S003,P0019,125.8582467512532,HistGradientBoosting
2024-01-13,S003,P0019,125.72877074772641,HistGradientBoosting
2024-01-14,S003,P0019,125.0843010008007,HistGradientBoosting
2024-01-15,S003,P0019,119.23711001201421,HistGradientBoosting
2024-01-16,S003,P0019,121.56806114460612,HistGradientBoosting
2024-01-17,S003,P0019,127.51516826461938,HistGradientBoosting
2024-01-18,S003,P0019,125.19545601592502,HistGradientBoosting
2024-01-19,S003,P0019,125.06142664477088,HistGradientBoosting
2024-01-20,S003,P0019,127.80861822507576,HistGradientBoosting
2024-01-21,S003,P0019,125.77096326342394,HistGradientBoosting
2024-01-22,S003,P0019,122.42205206366081,HistGradientBoosting
2024-01-23,S003,P0019,122.13673953246553,HistGradientBoosting
2024-01-24,S003,P0019,122.12689341779215,HistGradientBoosting
2024-01-25,S003,P0019,120.08495029054482,HistGradientBoosting
2024-01-26,S003,P0019,119.8829770540897,HistGradientBoosting
2024-01-27,S003,P0019,119.3446706030889,HistGradientBoosting
2024-01-28,S003,P0019,116.70546350301679,HistGradientBoosting
2024-01-29,S003,P0019,100.96718476984816,HistGradientBoosting
2024-01-30,S003,P0019,95.5332543700683,HistGradientBoosting
2024-01-01,S003,P0020,135.58666666666667,RandomForest
2024-01-02,S003,P0020,131.31333333333333,RandomForest
2024-01-03,S003,P0020,117.24333333333334,RandomForest
2024-01-04,S003,P0020,118.05666666666667,RandomForest
2024-01-05,S003,P0020,129.45,RandomForest
2024-01-06,S003,P0020,116.51,RandomForest
2024-01-07,S003,P0020,138.18666666666667,RandomForest
2024-01-08,S003,P0020,126.48333333333333,RandomForest
2024-01-09,S003,P0020,127.73666666666666,RandomForest
2024-01-10,S003,P0020,133.50333333333333,RandomForest
2024-01-11,S003,P0020,130.39666666666668,RandomForest
2024-01-12,S003,P0020,124.14333333333333,RandomForest
2024-01-13,S003,P0020,127.01666666666667,RandomForest
2024-01-14,S003,P0020,130.73,RandomForest
2024-01-15,S003,P0020,120.94,RandomForest
2024-01-16,S003,P0020,121.47333333333333,RandomForest
2024-01-17,S003,P0020,128.11,RandomForest
2024-01-18,S003,P0020,121.19,RandomForest
2024-01-19,S003,P0020,122.88666666666667,RandomForest
2024-01-20,S003,P0020,124.48333333333333,RandomForest
2024-01-21,S003,P0020,124.34333333333333,RandomForest
2024-01-22,S003,P0020,124.38,RandomForest
2024-01-23,S003,P0020,119.68333333333334,RandomForest
2024-01-24,S003,P0020,126.00333333333333,RandomForest
2024-01-25,S003,P0020,121.69666666666667,RandomForest
2024-01-26,S003,P0020,119.69333333333333,RandomForest
2024-01-27,S003,P0020,116.49,RandomForest
2024-01-28,S003,P0020,120.22,RandomForest
2024-01-29,S003,P0020,111.86666666666666,RandomForest
2024-01-30,S003,P0020,114.45,RandomForest
2024-01-01,S004,P0001,119.13461388344275,TunedRF_300_depth12_leaf1
2024-01-02,S004,P0001,121.45581437450586,TunedRF_300_depth12_leaf1
2024-01-03,S004,P0001,129.84850392177034,TunedRF_300_depth12_leaf1
2024-01-04,S004,P0001,122.45390848517481,TunedRF_300_depth12_leaf1
2024-01-05,S004,P0001,124.49629712304925,TunedRF_300_depth12_leaf1
2024-01-06,S004,P0001,128.3448186972767,TunedRF_300_depth12_leaf1
2024-01-07,S004,P0001,125.41023149658596,TunedRF_300_depth12_leaf1
2024-01-08,S004,P0001,122.9875166309735,TunedRF_300_depth12_leaf1
2024-01-09,S004,P0001,122.09238297569456,TunedRF_300_depth12_leaf1
2024-01-10,S004,P0001,124.28857225287572,TunedRF_300_depth12_leaf1
2024-01-11,S004,P0001,125.43451907108198,TunedRF_300_depth12_leaf1
2024-01-12,S004,P0001,125.74191833574727,TunedRF_300_depth12_leaf1
2024-01-13,S004,P0001,125.5626243022783,TunedRF_300_depth12_leaf1
2024-01-14,S004,P0001,126.82242196893479,TunedRF_300_depth12_leaf1
2024-01-15,S004,P0001,125.62169098640841,TunedRF_300_depth12_leaf1
2024-01-16,S004,P0001,126.52602059135454,TunedRF_300_depth12_leaf1
2024-01-17,S004,P0001,128.98967822605076,TunedRF_300_depth12_leaf1
2024-01-18,S004,P0001,126.74298505756155,TunedRF_300_depth12_leaf1
2024-01-19,S004,P0001,127.24019342994909,TunedRF_300_depth12_leaf1
2024-01-20,S004,P0001,126.91528135935818,TunedRF_300_depth12_leaf1
2024-01-21,S004,P0001,126.66689961737512,TunedRF_300_depth12_leaf1
2024-01-22,S004,P0001,125.87648774619996,TunedRF_300_depth12_leaf1
2024-01-23,S004,P0001,125.6692742300986,TunedRF_300_depth12_leaf1
2024-01-24,S004,P0001,127.23705701598799,TunedRF_300_depth12_leaf1
2024-01-25,S004,P0001,122.79033254472517,TunedRF_300_depth12_leaf1
2024-01-26,S004,P0001,122.9783530823819,TunedRF_300_depth12_leaf1
2024-01-27,S004,P0001,121.6909292771375,TunedRF_300_depth12_leaf1
2024-01-28,S004,P0001,119.57297366296172,TunedRF_300_depth12_leaf1
2024-01-29,S004,P0001,98.5366121447837,TunedRF_300_depth12_leaf1
2024-01-30,S004,P0001,89.27258978392591,TunedRF_300_depth12_leaf1
2024-01-01,S004,P0002,101.95521091153937,TunedRF_300_depth12_leaf1
2024-01-02,S004,P0002,95.92177033662993,TunedRF_300_depth12_leaf1
2024-01-03,S004,P0002,100.52579562126097,TunedRF_300_depth12_leaf1
2024-01-04,S004,P0002,102.19071402121442,TunedRF_300_depth12_leaf1
2024-01-05,S004,P0002,102.97820496993002,TunedRF_300_depth12_leaf1
2024-01-06,S004,P0002,108.70448058165185,TunedRF_300_depth12_leaf1
2024-01-07,S004,P0002,112.14066822426777,TunedRF_300_depth12_leaf1
2024-01-08,S004,P0002,112.41993721695425,TunedRF_300_depth12_leaf1
2024-01-09,S004,P0002,110.06866044807983,TunedRF_300_depth12_leaf1
2024-01-10,S004,P0002,115.5431602955596,TunedRF_300_depth12_leaf1
2024-01-11,S004,P0002,117.01103236409848,TunedRF_300_depth12_leaf1
2024-01-12,S004,P0002,120.0015577674896,TunedRF_300_depth12_leaf1
2024-01-13,S004,P0002,120.27486401305822,TunedRF_300_depth12_leaf1
2024-01-14,S004,P0002,123.43630916281387,TunedRF_300_depth12_leaf1
2024-01-15,S004,P0002,123.16869354495049,TunedRF_300_depth12_leaf1
2024-01-16,S004,P0002,122.283318537563,TunedRF_300_depth12_leaf1
2024-01-17,S004,P0002,124.0659183189389,TunedRF_300_depth12_leaf1
2024-01-18,S004,P0002,125.10801471089304,TunedRF_300_depth12_leaf1
2024-01-19,S004,P0002,125.42680744223757,TunedRF_300_depth12_leaf1
2024-01-20,S004,P0002,124.08548605703817,TunedRF_300_depth12_leaf1
2024-01-21,S004,P0002,123.98413436022528,TunedRF_300_depth12_leaf1
2024-01-22,S004,P0002,120.37773065235534,TunedRF_300_depth12_leaf1
2024-01-23,S004,P0002,121.94131861581077,TunedRF_300_depth12_leaf1
2024-01-24,S004,P0002,125.92340948517534,TunedRF_300_depth12_leaf1
2024-01-25,S004,P0002,121.65754833059201,TunedRF_300_depth12_leaf1
2024-01-26,S004,P0002,121.14981048619484,TunedRF_300_depth12_leaf1
2024-01-27,S004,P0002,119.58876836863669,TunedRF_300_depth12_leaf1
2024-01-28,S004,P0002,119.08919462299669,TunedRF_300_depth12_leaf1
2024-01-29,S004,P0002,102.88832087707767,TunedRF_300_depth12_leaf1
2024-01-30,S004,P0002,93.56997247553454,TunedRF_300_depth12_leaf1
2024-01-01,S004,P0003,50.49395819260991,"ARIMA(1,0,1)"
2024-01-02,S004,P0003,52.0962573027588,"ARIMA(1,0,1)"
2024-01-03,S004,P0003,53.59461291168673,"ARIMA(1,0,1)"
2024-01-04,S004,P0003,54.99576798728131,"ARIMA(1,0,1)"
2024-01-05,S004,P0003,56.30602807118031,"ARIMA(1,0,1)"
2024-01-06,S004,P0003,57.5312896552562,"ARIMA(1,0,1)"
2024-01-07,S004,P0003,58.67706671727645,"ARIMA(1,0,1)"
2024-01-08,S004,P0003,59.74851553515633,"ARIMA(1,0,1)"
2024-01-09,S004,P0003,60.75045789147476,"ARIMA(1,0,1)"
2024-01-10,S004,P0003,61.68740277267905,"ARIMA(1,0,1)"
2024-01-11,S004,P0003,62.56356666063023,"ARIMA(1,0,1)"
2024-01-12,S004,P0003,63.38289250780601,"ARIMA(1,0,1)"
2024-01-13,S004,P0003,64.14906748155444,"ARIMA(1,0,1)"
2024-01-14,S004,P0003,64.86553955725167,"ARIMA(1,0,1)"
2024-01-15,S004,P0003,65.53553303503709,"ARIMA(1,0,1)"
2024-01-16,S004,P0003,66.16206304995525,"ARIMA(1,0,1)"
2024-01-17,S004,P0003,66.74794914080323,"ARIMA(1,0,1)"
2024-01-18,S004,P0003,67.2958279387471,"ARIMA(1,0,1)"
2024-01-19,S004,P0003,67.80816503280916,"ARIMA(1,0,1)"
2024-01-20,S004,P0003,68.28726606562343,"ARIMA(1,0,1)"
2024-01-21,S004,P0003,68.73528710939328,"ARIMA(1,0,1)"
2024-01-22,S004,P0003,69.15424436874541,"ARIMA(1,0,1)"
2024-01-23,S004,P0003,69.54602325414527,"ARIMA(1,0,1)"
2024-01-24,S004,P0003,69.91238686670688,"ARIMA(1,0,1)"
2024-01-25,S004,P0003,70.25498393258043,"ARIMA(1,0,1)"
2024-01-26,S004,P0003,70.57535622262444,"ARIMA(1,0,1)"
2024-01-27,S004,P0003,70.87494549075298,"ARIMA(1,0,1)"
2024-01-28,S004,P0003,71.15509996218205,"ARIMA(1,0,1)"
2024-01-29,S004,P0003,71.4170804007738,"ARIMA(1,0,1)"
2024-01-30,S004,P0003,71.66206578278332,"ARIMA(1,0,1)"
2024-01-01,S004,P0004,111.4202641134014,TunedRF_300_depth12_leaf1
2024-01-02,S004,P0004,105.08767360089034,TunedRF_300_depth12_leaf1
2024-01-03,S004,P0004,105.19482614043352,TunedRF_300_depth12_leaf1
2024-01-04,S004,P0004,128.7632485704252,TunedRF_300_depth12_leaf1
2024-01-05,S004,P0004,114.20637290150654,TunedRF_300_depth12_leaf1
2024-01-06,S004,P0004,117.51505013934829,TunedRF_300_depth12_leaf1
2024-01-07,S004,P0004,116.31128029843397,TunedRF_300_depth12_leaf1
2024-01-08,S004,P0004,121.93873637908477,TunedRF_300_depth12_leaf1
2024-01-09,S004,P0004,120.00399064478836,TunedRF_300_depth12_leaf1
2024-01-10,S004,P0004,120.3454762526635,TunedRF_300_depth12_leaf1
2024-01-11,S004,P0004,121.705916666488,TunedRF_300_depth12_leaf1
2024-01-12,S004,P0004,125.53787956963744,TunedRF_300_depth12_leaf1
2024-01-13,S004,P0004,123.57778006265917,TunedRF_300_depth12_leaf1
2024-01-14,S004,P0004,124.62020547092358,TunedRF_300_depth12_leaf1
2024-01-15,S004,P0004,122.1881885884286,TunedRF_300_depth12_leaf1
2024-01-16,S004,P0004,120.77841915342552,TunedRF_300_depth12_leaf1
2024-01-17,S004,P0004,123.57180298460693,TunedRF_300_depth12_leaf1
2024-01-18,S004,P0004,124.71924797782368,TunedRF_300_depth12_leaf1
2024-01-19,S004,P0004,125.87467611046125,TunedRF_300_depth12_leaf1
2024-01-20,S004,P0004,125.7498146245956,TunedRF_300_depth12_leaf1
2024-01-21,S004,P0004,126.57004075944991,TunedRF_300_depth12_leaf1
2024-01-22,S004,P0004,124.47495384354629,TunedRF_300_depth12_leaf1
2024-01-23,S004,P0004,125.21182974368122,TunedRF_300_depth12_leaf1
2024-01-24,S004,P0004,123.80642426180438,TunedRF_300_depth12_leaf1
2024-01-25,S004,P0004,122.58677480737589,TunedRF_300_depth12_leaf1
2024-01-26,S004,P0004,122.74799211852789,TunedRF_300_depth12_leaf1
2024-01-27,S004,P0004,120.85821502824683,TunedRF_300_depth12_leaf1
2024-01-28,S004,P0004,119.88046176661044,TunedRF_300_depth12_leaf1
2024-01-29,S004,P0004,93.83106369611997,TunedRF_300_depth12_leaf1
2024-01-30,S004,P0004,90.7043294355953,TunedRF_300_depth12_leaf1
2024-01-01,S004,P0005,129.57,RandomForest
2024-01-02,S004,P0005,139.23,RandomForest
2024-01-03,S004,P0005,125.73333333333333,RandomForest
2024-01-04,S004,P0005,122.86,RandomForest
2024-01-05,S004,P0005,137.47,RandomForest
2024-01-06,S004,P0005,127.50666666666666,RandomForest
2024-01-07,S004,P0005,128.93666666666667,RandomForest
2024-01-08,S004,P0005,129.17666666666668,RandomForest
2024-01-09,S004,P0005,136.70333333333335,RandomForest
2024-01-10,S004,P0005,124.44666666666667,RandomForest
2024-01-11,S004,P0005,120.39666666666666,RandomForest
2024-01-12,S004,P0005,127.41,RandomForest
2024-01-13,S004,P0005,126.17666666666666,RandomForest
2024-01-14,S004,P0005,130.19666666666666,RandomForest
2024-01-15,S004,P0005,127.14333333333333,RandomForest
2024-01-16,S004,P0005,131.05333333333334,RandomForest
2024-01-17,S004,P0005,131.13666666666666,RandomForest
2024-01-18,S004,P0005,127.66,RandomForest
2024-01-19,S004,P0005,135.71666666666667,RandomForest
2024-01-20,S004,P0005,126.57666666666667,RandomForest
2024-01-21,S004,P0005,133.32333333333332,RandomForest
2024-01-22,S004,P0005,126.19333333333333,RandomForest
2024-01-23,S004,P0005,131.54666666666665,RandomForest
2024-01-24,S004,P0005,127.99333333333334,RandomForest
2024-01-25,S004,P0005,120.78333333333333,RandomForest
2024-01-26,S004,P0005,123.19333333333333,RandomForest
2024-01-27,S004,P0005,120.17,RandomForest
2024-01-28,S004,P0005,116.65333333333334,RandomForest
2024-01-29,S004,P0005,107.09,RandomForest
2024-01-30,S004,P0005,111.69333333333333,RandomForest
2024-01-01,S004,P0006,56.0,Naive
2024-01-02,S004,P0006,56.0,Naive
2024-01-03,S004,P0006,56.0,Naive
2024-01-04,S004,P0006,56.0,Naive
2024-01-05,S004,P0006,56.0,Naive
2024-01-06,S004,P0006,56.0,Naive
2024-01-07,S004,P0006,56.0,Naive
2024-01-08,S004,P0006,56.0,Naive
2024-01-09,S004,P0006,56.0,Naive
2024-01-10,S004,P0006,56.0,Naive
2024-01-11,S004,P0006,56.0,Naive
2024-01-12,S004,P0006,56.0,Naive
2024-01-13,S004,P0006,56.0,Naive
2024-01-14,S004,P0006,56.0,Naive
2024-01-15,S004,P0006,56.0,Naive
2024-01-16,S004,P0006,56.0,Naive
2024-01-17,S004,P0006,56.0,Naive
2024-01-18,S004,P0006,56.0,Naive
2024-01-19,S004,P0006,56.0,Naive
2024-01-20,S004,P0006,56.0,Naive
2024-01-21,S004,P0006,56.0,Naive
2024-01-22,S004,P0006,56.0,Naive
2024-01-23,S004,P0006,56.0,Naive
2024-01-24,S004,P0006,56.0,Naive
2024-01-25,S004,P0006,56.0,Naive
2024-01-26,S004,P0006,56.0,Naive
2024-01-27,S004,P0006,56.0,Naive
2024-01-28,S004,P0006,56.0,Naive
2024-01-29,S004,P0006,56.0,Naive
2024-01-30,S004,P0006,56.0,Naive
2024-01-01,S004,P0007,116.0,Naive
2024-01-02,S004,P0007,116.0,Naive
2024-01-03,S004,P0007,116.0,Naive
2024-01-04,S004,P0007,116.0,Naive
2024-01-05,S004,P0007,116.0,Naive
2024-01-06,S004,P0007,116.0,Naive
2024-01-07,S004,P0007,116.0,Naive
2024-01-08,S004,P0007,116.0,Naive
2024-01-09,S004,P0007,116.0,Naive
2024-01-10,S004,P0007,116.0,Naive
2024-01-11,S004,P0007,116.0,Naive
2024-01-12,S004,P0007,116.0,Naive
2024-01-13,S004,P0007,116.0,Naive
2024-01-14,S004,P0007,116.0,Naive
2024-01-15,S004,P0007,116.0,Naive
2024-01-16,S004,P0007,116.0,Naive
2024-01-17,S004,P0007,116.0,Naive
2024-01-18,S004,P0007,116.0,Naive
2024-01-19,S004,P0007,116.0,Naive
2024-01-20,S004,P0007,116.0,Naive
2024-01-21,S004,P0007,116.0,Naive
2024-01-22,S004,P0007,116.0,Naive
2024-01-23,S004,P0007,116.0,Naive
2024-01-24,S004,P0007,116.0,Naive
2024-01-25,S004,P0007,116.0,Naive
2024-01-26,S004,P0007,116.0,Naive
2024-01-27,S004,P0007,116.0,Naive
2024-01-28,S004,P0007,116.0,Naive
2024-01-29,S004,P0007,116.0,Naive
2024-01-30,S004,P0007,116.0,Naive
2024-01-01,S004,P0008,30.0,Naive
2024-01-02,S004,P0008,30.0,Naive
2024-01-03,S004,P0008,30.0,Naive
2024-01-04,S004,P0008,30.0,Naive
2024-01-05,S004,P0008,30.0,Naive
2024-01-06,S004,P0008,30.0,Naive
2024-01-07,S004,P0008,30.0,Naive
2024-01-08,S004,P0008,30.0,Naive
2024-01-09,S004,P0008,30.0,Naive
2024-01-10,S004,P0008,30.0,Naive
2024-01-11,S004,P0008,30.0,Naive
2024-01-12,S004,P0008,30.0,Naive
2024-01-13,S004,P0008,30.0,Naive
2024-01-14,S004,P0008,30.0,Naive
2024-01-15,S004,P0008,30.0,Naive
2024-01-16,S004,P0008,30.0,Naive
2024-01-17,S004,P0008,30.0,Naive
2024-01-18,S004,P0008,30.0,Naive
2024-01-19,S004,P0008,30.0,Naive
2024-01-20,S004,P0008,30.0,Naive
2024-01-21,S004,P0008,30.0,Naive
2024-01-22,S004,P0008,30.0,Naive
2024-01-23,S004,P0008,30.0,Naive
2024-01-24,S004,P0008,30.0,Naive
2024-01-25,S004,P0008,30.0,Naive
2024-01-26,S004,P0008,30.0,Naive
2024-01-27,S004,P0008,30.0,Naive
2024-01-28,S004,P0008,30.0,Naive
2024-01-29,S004,P0008,30.0,Naive
2024-01-30,S004,P0008,30.0,Naive
2024-01-01,S004,P0009,119.33695775116212,TunedRF_300_depth12_leaf1
2024-01-02,S004,P0009,122.1744263670109,TunedRF_300_depth12_leaf1
2024-01-03,S004,P0009,128.6184299242868,TunedRF_300_depth12_leaf1
2024-01-04,S004,P0009,125.23832703561146,TunedRF_300_depth12_leaf1
2024-01-05,S004,P0009,124.56413623698563,TunedRF_300_depth12_leaf1
2024-01-06,S004,P0009,132.84528567874077,TunedRF_300_depth12_leaf1
2024-01-07,S004,P0009,127.13335087191837,TunedRF_300_depth12_leaf1
2024-01-08,S004,P0009,127.20868047913595,TunedRF_300_depth12_leaf1
2024-01-09,S004,P0009,124.99811141980234,TunedRF_300_depth12_leaf1
2024-01-10,S004,P0009,124.72718765567564,TunedRF_300_depth12_leaf1
2024-01-11,S004,P0009,121.1379509688918,TunedRF_300_depth12_leaf1
2024-01-12,S004,P0009,120.45259379950173,TunedRF_300_depth12_leaf1
2024-01-13,S004,P0009,120.23939995444545,TunedRF_300_depth12_leaf1
2024-01-14,S004,P0009,123.14166102432493,TunedRF_300_depth12_leaf1
2024-01-15,S004,P0009,123.99693113317181,TunedRF_300_depth12_leaf1
2024-01-16,S004,P0009,124.05976894083217,TunedRF_300_depth12_leaf1
2024-01-17,S004,P0009,125.34154245817417,TunedRF_300_depth12_leaf1
2024-01-18,S004,P0009,124.96653133152839,TunedRF_300_depth12_leaf1
2024-01-19,S004,P0009,125.09838385538872,TunedRF_300_depth12_leaf1
2024-01-20,S004,P0009,124.80128754234929,TunedRF_300_depth12_leaf1
2024-01-21,S004,P0009,124.56896770679926,TunedRF_300_depth12_leaf1
2024-01-22,S004,P0009,123.77195213578942,TunedRF_300_depth12_leaf1
2024-01-23,S004,P0009,123.99961960228609,TunedRF_300_depth12_leaf1
2024-01-24,S004,P0009,123.34252010279556,TunedRF_300_depth12_leaf1
2024-01-25,S004,P0009,121.72287322594278,TunedRF_300_depth12_leaf1
2024-01-26,S004,P0009,121.31745527003076,TunedRF_300_depth12_leaf1
2024-01-27,S004,P0009,120.71910429599605,TunedRF_300_depth12_leaf1
2024-01-28,S004,P0009,121.38007339651881,TunedRF_300_depth12_leaf1
2024-01-29,S004,P0009,108.62850299697513,TunedRF_300_depth12_leaf1
2024-01-30,S004,P0009,109.33557032463081,TunedRF_300_depth12_leaf1
2024-01-01,S004,P0010,110.02862152997173,HistGradientBoosting
2024-01-02,S004,P0010,123.27057740125858,HistGradientBoosting
2024-01-03,S004,P0010,113.75843869244582,HistGradientBoosting
2024-01-04,S004,P0010,113.0567564909466,HistGradientBoosting
2024-01-05,S004,P0010,119.44249453437611,HistGradientBoosting
2024-01-06,S004,P0010,122.19697941486162,HistGradientBoosting
2024-01-07,S004,P0010,132.98326839906582,HistGradientBoosting
2024-01-08,S004,P0010,124.64736833938825,HistGradientBoosting
2024-01-09,S004,P0010,122.62846691550294,HistGradientBoosting
2024-01-10,S004,P0010,124.74540231846439,HistGradientBoosting
2024-01-11,S004,P0010,125.42399987631303,HistGradientBoosting
2024-01-12,S004,P0010,126.39506148829565,HistGradientBoosting
2024-01-13,S004,P0010,128.6015335904707,HistGradientBoosting
2024-01-14,S004,P0010,126.84031925891682,HistGradientBoosting
2024-01-15,S004,P0010,120.83666010530244,HistGradientBoosting
2024-01-16,S004,P0010,123.63318810639792,HistGradientBoosting
2024-01-17,S004,P0010,126.08205087149683,HistGradientBoosting
2024-01-18,S004,P0010,126.08205087149683,HistGradientBoosting
2024-01-19,S004,P0010,126.1371063124437,HistGradientBoosting
2024-01-20,S004,P0010,125.78927832320296,HistGradientBoosting
2024-01-21,S004,P0010,126.70879399824747,HistGradientBoosting
2024-01-22,S004,P0010,122.61311398326794,HistGradientBoosting
2024-01-23,S004,P0010,123.27233897311619,HistGradientBoosting
2024-01-24,S004,P0010,122.60326786859456,HistGradientBoosting
2024-01-25,S004,P0010,120.56132474134724,HistGradientBoosting
2024-01-26,S004,P0010,120.55252549126791,HistGradientBoosting
2024-01-27,S004,P0010,117.2801695595668,HistGradientBoosting
2024-01-28,S004,P0010,114.10155733976985,HistGradientBoosting
2024-01-29,S004,P0010,100.91789636997377,HistGradientBoosting
2024-01-30,S004,P0010,94.78744998967016,HistGradientBoosting
2024-01-01,S004,P0011,112.77550970967107,"ARIMA(1,0,1)"
2024-01-02,S004,P0011,112.5568586018384,"ARIMA(1,0,1)"
2024-01-03,S004,P0011,112.35499800583975,"ARIMA(1,0,1)"
2024-01-04,S004,P0011,112.16863855575127,"ARIMA(1,0,1)"
2024-01-05,S004,P0011,111.9965898977878,"ARIMA(1,0,1)"
2024-01-06,S004,P0011,111.83775308702782,"ARIMA(1,0,1)"
2024-01-07,S004,P0011,111.69111356800435,"ARIMA(1,0,1)"
2024-01-08,S004,P0011,111.55573469432544,"ARIMA(1,0,1)"
2024-01-09,S004,P0011,111.43075174593184,"ARIMA(1,0,1)"
2024-01-10,S004,P0011,111.3153664057775,"ARIMA(1,0,1)"
2024-01-11,S004,P0011,111.208841660653,"ARIMA(1,0,1)"
2024-01-12,S004,P0011,111.11049709358183,"ARIMA(1,0,1)"
2024-01-13,S004,P0011,111.01970453771969,"ARIMA(1,0,1)"
2024-01-14,S004,P0011,110.9358840639968,"ARIMA(1,0,1)"
2024-01-15,S004,P0011,110.85850027687442,"ARIMA(1,0,1)"
2024-01-16,S004,P0011,110.78705889455539,"ARIMA(1,0,1)"
2024-01-17,S004,P0011,110.72110359180466,"ARIMA(1,0,1)"
2024-01-18,S004,P0011,110.66021308521402,"ARIMA(1,0,1)"
2024-01-19,S004,P0011,110.60399844229325,"ARIMA(1,0,1)"
2024-01-20,S004,P0011,110.55210059719967,"ARIMA(1,0,1)"
2024-01-21,S004,P0011,110.50418805723828,"ARIMA(1,0,1)"
2024-01-22,S004,P0011,110.45995478548272,"ARIMA(1,0,1)"
2024-01-23,S004,P0011,110.4191182459927,"ARIMA(1,0,1)"
2024-01-24,S004,P0011,110.3814175991417,"ARIMA(1,0,1)"
2024-01-25,S004,P0011,110.346612035528,"ARIMA(1,0,1)"
2024-01-26,S004,P0011,110.3144792378268,"ARIMA(1,0,1)"
2024-01-27,S004,P0011,110.28481396075885,"ARIMA(1,0,1)"
2024-01-28,S004,P0011,110.2574267201052,"ARIMA(1,0,1)"
2024-01-29,S004,P0011,110.2321425823942,"ARIMA(1,0,1)"
2024-01-30,S004,P0011,110.20880004753012,"ARIMA(1,0,1)"
2024-01-01,S004,P0012,80.86683090722227,"ARIMA(1,0,1)"
2024-01-02,S004,P0012,81.90732975574625,"ARIMA(1,0,1)"
2024-01-03,S004,P0012,82.8754748753761,"ARIMA(1,0,1)"
2024-01-04,S004,P0012,83.77629756633127,"ARIMA(1,0,1)"
2024-01-05,S004,P0012,84.61447926459769,"ARIMA(1,0,1)"
2024-01-06,S004,P0012,85.39437587062551,"ARIMA(1,0,1)"
2024-01-07,S004,P0012,86.12004038626895,"ARIMA(1,0,1)"
2024-01-08,S004,P0012,86.7952439776092,"ARIMA(1,0,1)"
2024-01-09,S004,P0012,87.42349557312028,"ARIMA(1,0,1)"
2024-01-10,S004,P0012,88.0080600990268,"ARIMA(1,0,1)"
2024-01-11,S004,P0012,88.55197544661992,"ARIMA(1,0,1)"
2024-01-12,S004,P0012,89.05806825970765,"ARIMA(1,0,1)"
2024-01-13,S004,P0012,89.52896862424501,"ARIMA(1,0,1)"
2024-01-14,S004,P0012,89.96712373648323,"ARIMA(1,0,1)"
2024-01-15,S004,P0012,90.37481062066966,"ARIMA(1,0,1)"
2024-01-16,S004,P0012,90.75414796239004,"ARIMA(1,0,1)"
2024-01-17,S004,P0012,91.10710711904929,"ARIMA(1,0,1)"
2024-01-18,S004,P0012,91.43552236471062,"ARIMA(1,0,1)"
2024-01-19,S004,P0012,91.74110042253365,"ARIMA(1,0,1)"
2024-01-20,S004,P0012,92.02542933435033,"ARIMA(1,0,1)"
2024-01-21,S004,P0012,92.28998671347236,"ARIMA(1,0,1)"
2024-01-22,S004,P0012,92.53614742361864,"ARIMA(1,0,1)"
2024-01-23,S004,P0012,92.76519072386913,"ARIMA(1,0,1)"
2024-01-24,S004,P0012,92.978306916776,"ARIMA(1,0,1)"
2024-01-25,S004,P0012,93.17660353418175,"ARIMA(1,0,1)"
2024-01-26,S004,P0012,93.36111109289057,"ARIMA(1,0,1)"
2024-01-27,S004,P0012,93.53278845010452,"ARIMA(1,0,1)"
2024-01-28,S004,P0012,93.69252778645594,"ARIMA(1,0,1)"
2024-01-29,S004,P0012,93.84115924253196,"ARIMA(1,0,1)"
2024-01-30,S004,P0012,93.97945523298655,"ARIMA(1,0,1)"
2024-01-01,S004,P0013,96.51879819788738,HistGradientBoosting
2024-01-02,S004,P0013,102.54095097676371,HistGradientBoosting
2024-01-03,S004,P0013,108.37952434414701,HistGradientBoosting
2024-01-04,S004,P0013,112.1045548310781,HistGradientBoosting
2024-01-05,S004,P0013,106.8644256342546,HistGradientBoosting
2024-01-06,S004,P0013,115.38522632345338,HistGradientBoosting
2024-01-07,S004,P0013,113.39921405713008,HistGradientBoosting
2024-01-08,S004,P0013,115.44990983690377,HistGradientBoosting
2024-01-09,S004,P0013,116.08705392695295,HistGradientBoosting
2024-01-10,S004,P0013,115.89159995658842,HistGradientBoosting
2024-01-11,S004,P0013,121.98679629273217,HistGradientBoosting
2024-01-12,S004,P0013,122.54450655907864,HistGradientBoosting
2024-01-13,S004,P0013,123.00600378548447,HistGradientBoosting
2024-01-14,S004,P0013,124.39471728315492,HistGradientBoosting
2024-01-15,S004,P0013,123.6422387015858,HistGradientBoosting
2024-01-16,S004,P0013,124.99957850899958,HistGradientBoosting
2024-01-17,S004,P0013,122.501139912566,HistGradientBoosting
2024-01-18,S004,P0013,125.26035298904762,HistGradientBoosting
2024-01-19,S004,P0013,125.31540842999449,HistGradientBoosting
2024-01-20,S004,P0013,125.37780084552315,HistGradientBoosting
2024-01-21,S004,P0013,126.47662733441028,HistGradientBoosting
2024-01-22,S004,P0013,122.87214973274268,HistGradientBoosting
2024-01-23,S004,P0013,122.5868372015474,HistGradientBoosting
2024-01-24,S004,P0013,122.57699108687402,HistGradientBoosting
2024-01-25,S004,P0013,120.59179438065627,HistGradientBoosting
2024-01-26,S004,P0013,120.58299513057695,HistGradientBoosting
2024-01-27,S004,P0013,117.31063919887583,HistGradientBoosting
2024-01-28,S004,P0013,113.84193720978504,HistGradientBoosting
2024-01-29,S004,P0013,100.98556194737012,HistGradientBoosting
2024-01-30,S004,P0013,94.30882611685658,HistGradientBoosting
2024-01-01,S004,P0014,50.055581788978515,"ARIMA(1,0,1)"
2024-01-02,S004,P0014,51.846907213565615,"ARIMA(1,0,1)"
2024-01-03,S004,P0014,53.50281768158365,"ARIMA(1,0,1)"
2024-01-04,S004,P0014,55.033549864834924,"ARIMA(1,0,1)"
2024-01-05,S004,P0014,56.44856659556777,"ARIMA(1,0,1)"
2024-01-06,S004,P0014,57.7566153647529,"ARIMA(1,0,1)"
2024-01-07,S004,P0014,58.96578239819186,"ARIMA(1,0,1)"
2024-01-08,S004,P0014,60.083542644750864,"ARIMA(1,0,1)"
2024-01-09,S004,P0014,61.11680598574214,"ARIMA(1,0,1)"
2024-01-10,S004,P0014,62.07195995111452,"ARIMA(1,0,1)"
2024-01-11,S004,P0014,62.95490920652055,"ARIMA(1,0,1)"
2024-01-12,S004,P0014,63.771112055365045,"ARIMA(1,0,1)"
2024-01-13,S004,P0014,64.52561418148726,"ARIMA(1,0,1)"
2024-01-14,S004,P0014,65.22307984107037,"ARIMA(1,0,1)"
2024-01-15,S004,P0014,65.86782069660364,"ARIMA(1,0,1)"
2024-01-16,S004,P0014,66.46382247114583,"ARIMA(1,0,1)"
2024-01-17,S004,P0014,67.01476958766388,"ARIMA(1,0,1)"
2024-01-18,S004,P0014,67.52406794576476,"ARIMA(1,0,1)"
2024-01-19,S004,P0014,67.99486597662398,"ARIMA(1,0,1)"
2024-01-20,S004,P0014,68.43007410627008,"ARIMA(1,0,1)"
2024-01-21,S004,P0014,68.83238274754537,"ARIMA(1,0,1)"
2024-01-22,S004,P0014,69.20427893196727,"ARIMA(1,0,1)"
2024-01-23,S004,P0014,69.54806168430672,"ARIMA(1,0,1)"
2024-01-24,S004,P0014,69.86585623492789,"ARIMA(1,0,1)"
2024-01-25,S004,P0014,70.15962715774835,"ARIMA(1,0,1)"
2024-01-26,S004,P0014,70.43119051503717,"ARIMA(1,0,1)"
2024-01-27,S004,P0014,70.68222508412913,"ARIMA(1,0,1)"
2024-01-28,S004,P0014,70.9142827354571,"ARIMA(1,0,1)"
2024-01-29,S004,P0014,71.12879802605889,"ARIMA(1,0,1)"
2024-01-30,S004,P0014,71.32709706786437,"ARIMA(1,0,1)"
2024-01-01,S004,P0015,51.80789110151757,"ARIMA(1,0,1)"
2024-01-02,S004,P0015,53.512671500203126,"ARIMA(1,0,1)"
2024-01-03,S004,P0015,55.08436417466788,"ARIMA(1,0,1)"
2024-01-04,S004,P0015,56.533358933682464,"ARIMA(1,0,1)"
2024-01-05,S004,P0015,57.86923448095939,"ARIMA(1,0,1)"
2024-01-06,S004,P0015,59.100821735992696,"ARIMA(1,0,1)"
2024-01-07,S004,P0015,60.23626221160614,"ARIMA(1,0,1)"
2024-01-08,S004,P0015,61.28306183411962,"ARIMA(1,0,1)"
2024-01-09,S004,P0015,62.24814056191673,"ARIMA(1,0,1)"
2024-01-10,S004,P0015,63.13787813042114,"ARIMA(1,0,1)"
2024-01-11,S004,P0015,63.95815622588299,"ARIMA(1,0,1)"
2024-01-12,S004,P0015,64.71439736676854,"ARIMA(1,0,1)"
2024-01-13,S004,P0015,65.41160074978204,"ARIMA(1,0,1)"
2024-01-14,S004,P0015,66.05437529748288,"ARIMA(1,0,1)"
2024-01-15,S004,P0015,66.6469701259621,"ARIMA(1,0,1)"
2024-01-16,S004,P0015,67.19330263398753,"ARIMA(1,0,1)"
2024-01-17,S004,P0015,67.69698439930322,"ARIMA(1,0,1)"
2024-01-18,S004,P0015,68.16134505327281,"ARIMA(1,0,1)"
2024-01-19,S004,P0015,68.58945429169223,"ARIMA(1,0,1)"
2024-01-20,S004,P0015,68.98414216727627,"ARIMA(1,0,1)"
2024-01-21,S004,P0015,69.34801779796383,"ARIMA(1,0,1)"
2024-01-22,S004,P0015,69.68348661471514,"ARIMA(1,0,1)"
2024-01-23,S004,P0015,69.99276626281875,"ARIMA(1,0,1)"
2024-01-24,S004,P0015,70.27790126182522,"ARIMA(1,0,1)"
2024-01-25,S004,P0015,70.54077652101844,"ARIMA(1,0,1)"
2024-01-26,S004,P0015,70.78312979976953,"ARIMA(1,0,1)"
2024-01-27,S004,P0015,71.00656319514366,"ARIMA(1,0,1)"
2024-01-28,S004,P0015,71.21255373269975,"ARIMA(1,0,1)"
2024-01-29,S004,P0015,71.40246313049408,"ARIMA(1,0,1)"
2024-01-30,S004,P0015,71.57754680083397,"ARIMA(1,0,1)"
2024-01-01,S004,P0016,55.97124046791239,"ARIMA(1,0,1)"
2024-01-02,S004,P0016,57.279598409895655,"ARIMA(1,0,1)"
2024-01-03,S004,P0016,58.48091296072147,"ARIMA(1,0,1)"
2024-01-04,S004,P0016,59.58394188248444,"ARIMA(1,0,1)"
2024-01-05,S004,P0016,60.59672642039686,"ARIMA(1,0,1)"
2024-01-06,S004,P0016,61.526649924664596,"ARIMA(1,0,1)"
2024-01-07,S004,P0016,62.38049167621032,"ARIMA(1,0,1)"
2024-01-08,S004,P0016,63.16447630864174,"ARIMA(1,0,1)"
2024-01-09,S004,P0016,63.88431918675815,"ARIMA(1,0,1)"
2024-01-10,S004,P0016,64.54526807241152,"ARIMA(1,0,1)"
2024-01-11,S004,P0016,65.15214138147242,"ARIMA(1,0,1)"
2024-01-12,S004,P0016,65.70936331079977,"ARIMA(1,0,1)"
2024-01-13,S004,P0016,66.2209960912952,"ARIMA(1,0,1)"
2024-01-14,S004,P0016,66.6907696021717,"ARIMA(1,0,1)"
2024-01-15,S004,P0016,67.1221085623289,"ARIMA(1,0,1)"
2024-01-16,S004,P0016,67.51815749706418,"ARIMA(1,0,1)"
2024-01-17,S004,P0016,67.88180366213071,"ARIMA(1,0,1)"
2024-01-18,S004,P0016,68.21569809226214,"ARIMA(1,0,1)"
2024-01-19,S004,P0016,68.52227492761085,"ARIMA(1,0,1)"
2024-01-20,S004,P0016,68.8037691589924,"ARIMA(1,0,1)"
2024-01-21,S004,P0016,69.06223292130166,"ARIMA(1,0,1)"
2024-01-22,S004,P0016,69.29955045388195,"ARIMA(1,0,1)"
2024-01-23,S004,P0016,69.51745183691068,"ARIMA(1,0,1)"
2024-01-24,S004,P0016,69.71752560394165,"ARIMA(1,0,1)"
2024-01-25,S004,P0016,69.90123032255138,"ARIMA(1,0,1)"
2024-01-26,S004,P0016,70.0699052275141,"ARIMA(1,0,1)"
2024-01-27,S004,P0016,70.22477998402279,"ARIMA(1,0,1)"
2024-01-28,S004,P0016,70.36698365213172,"ARIMA(1,0,1)"
2024-01-29,S004,P0016,70.49755291777254,"ARIMA(1,0,1)"
2024-01-30,S004,P0016,70.61743965034908,"ARIMA(1,0,1)"
2024-01-01,S004,P0017,110.72397111067613,"ARIMA(1,0,1)"
2024-01-02,S004,P0017,109.4085512388813,"ARIMA(1,0,1)"
2024-01-03,S004,P0017,109.63198231909742,"ARIMA(1,0,1)"
2024-01-04,S004,P0017,109.59403135858895,"ARIMA(1,0,1)"
2024-01-05,S004,P0017,109.60047753161967,"ARIMA(1,0,1)"
2024-01-06,S004,P0017,109.59938261475367,"ARIMA(1,0,1)"
2024-01-07,S004,P0017,109.59956859222243,"ARIMA(1,0,1)"
2024-01-08,S004,P0017,109.59953700295756,"ARIMA(1,0,1)"
2024-01-09,S004,P0017,109.59954236856267,"ARIMA(1,0,1)"
2024-01-10,S004,P0017,109.59954145718602,"ARIMA(1,0,1)"
2024-01-11,S004,P0017,109.5995416119882,"ARIMA(1,0,1)"
2024-01-12,S004,P0017,109.59954158569423,"ARIMA(1,0,1)"
2024-01-13,S004,P0017,109.5995415901604,"ARIMA(1,0,1)"
2024-01-14,S004,P0017,109.5995415894018,"ARIMA(1,0,1)"
2024-01-15,S004,P0017,109.59954158953065,"ARIMA(1,0,1)"
2024-01-16,S004,P0017,109.59954158950876,"ARIMA(1,0,1)"
2024-01-17,S004,P0017,109.59954158951248,"ARIMA(1,0,1)"
2024-01-18,S004,P0017,109.59954158951186,"ARIMA(1,0,1)"
2024-01-19,S004,P0017,109.59954158951196,"ARIMA(1,0,1)"
2024-01-20,S004,P0017,109.59954158951194,"ARIMA(1,0,1)"
2024-01-21,S004,P0017,109.59954158951194,"ARIMA(1,0,1)"
2024-01-22,S004,P0017,109.59954158951194,"ARIMA(1,0,1)"
2024-01-23,S004,P0017,109.59954158951194,"ARIMA(1,0,1)"
2024-01-24,S004,P0017,109.59954158951194,"ARIMA(1,0,1)"
2024-01-25,S004,P0017,109.59954158951194,"ARIMA(1,0,1)"
2024-01-26,S004,P0017,109.59954158951194,"ARIMA(1,0,1)"
2024-01-27,S004,P0017,109.59954158951194,"ARIMA(1,0,1)"
2024-01-28,S004,P0017,109.59954158951194,"ARIMA(1,0,1)"
2024-01-29,S004,P0017,109.59954158951194,"ARIMA(1,0,1)"
2024-01-30,S004,P0017,109.59954158951194,"ARIMA(1,0,1)"
2024-01-01,S004,P0018,41.46666666666667,RandomForest
2024-01-02,S004,P0018,39.74333333333333,RandomForest
2024-01-03,S004,P0018,37.97,RandomForest
2024-01-04,S004,P0018,36.42333333333333,RandomForest
2024-01-05,S004,P0018,37.76,RandomForest
2024-01-06,S004,P0018,40.986666666666665,RandomForest
2024-01-07,S004,P0018,38.0,RandomForest
2024-01-08,S004,P0018,38.79666666666667,RandomForest
2024-01-09,S004,P0018,37.35666666666667,RandomForest
2024-01-10,S004,P0018,37.35333333333333,RandomForest
2024-01-11,S004,P0018,34.513333333333335,RandomForest
2024-01-12,S004,P0018,34.483333333333334,RandomForest
2024-01-13,S004,P0018,36.656666666666666,RandomForest
2024-01-14,S004,P0018,35.406666666666666,RandomForest
2024-01-15,S004,P0018,34.39666666666667,RandomForest
2024-01-16,S004,P0018,33.32,RandomForest
2024-01-17,S004,P0018,35.653333333333336,RandomForest
2024-01-18,S004,P0018,35.82666666666667,RandomForest
2024-01-19,S004,P0018,37.38,RandomForest
2024-01-20,S004,P0018,39.013333333333335,RandomForest
2024-01-21,S004,P0018,40.71333333333333,RandomForest
2024-01-22,S004,P0018,39.46333333333333,RandomForest
2024-01-23,S004,P0018,40.263333333333335,RandomForest
2024-01-24,S004,P0018,39.49333333333333,RandomForest
2024-01-25,S004,P0018,42.553333333333335,RandomForest
2024-01-26,S004,P0018,53.99333333333333,RandomForest
2024-01-27,S004,P0018,56.163333333333334,RandomForest
2024-01-28,S004,P0018,57.07,RandomForest
2024-01-29,S004,P0018,59.89333333333333,RandomForest
2024-01-30,S004,P0018,64.3,RandomForest
2024-01-01,S004,P0019,129.5739009311505,TunedRF_300_depth12_leaf1
2024-01-02,S004,P0019,125.96125378555024,TunedRF_300_depth12_leaf1
2024-01-03,S004,P0019,124.6952703969005,TunedRF_300_depth12_leaf1
2024-01-04,S004,P0019,122.9862403652283,TunedRF_300_depth12_leaf1
2024-01-05,S004,P0019,126.69618277728117,TunedRF_300_depth12_leaf1
2024-01-06,S004,P0019,123.57587046359006,TunedRF_300_depth12_leaf1
2024-01-07,S004,P0019,123.7166504922453,TunedRF_300_depth12_leaf1
2024-01-08,S004,P0019,123.35846624922289,TunedRF_300_depth12_leaf1
2024-01-09,S004,P0019,124.8769443224512,TunedRF_300_depth12_leaf1
2024-01-10,S004,P0019,127.07675069813033,TunedRF_300_depth12_leaf1
2024-01-11,S004,P0019,124.41039012383784,TunedRF_300_depth12_leaf1
2024-01-12,S004,P0019,122.504171370444,TunedRF_300_depth12_leaf1
2024-01-13,S004,P0019,124.08787132860348,TunedRF_300_depth12_leaf1
2024-01-14,S004,P0019,123.88010625360134,TunedRF_300_depth12_leaf1
2024-01-15,S004,P0019,124.41307425439385,TunedRF_300_depth12_leaf1
2024-01-16,S004,P0019,124.51553132295219,TunedRF_300_depth12_leaf1
2024-01-17,S004,P0019,124.55258717148739,TunedRF_300_depth12_leaf1
2024-01-18,S004,P0019,124.97673503865457,TunedRF_300_depth12_leaf1
2024-01-19,S004,P0019,123.90716505649948,TunedRF_300_depth12_leaf1
2024-01-20,S004,P0019,123.39457656540912,TunedRF_300_depth12_leaf1
2024-01-21,S004,P0019,123.30642635914265,TunedRF_300_depth12_leaf1
2024-01-22,S004,P0019,123.33634922290005,TunedRF_300_depth12_leaf1
2024-01-23,S004,P0019,122.81686765458142,TunedRF_300_depth12_leaf1
2024-01-24,S004,P0019,120.63956638583059,TunedRF_300_depth12_leaf1
2024-01-25,S004,P0019,121.09381379506439,TunedRF_300_depth12_leaf1
2024-01-26,S004,P0019,121.27715790216998,TunedRF_300_depth12_leaf1
2024-01-27,S004,P0019,120.92302912700734,TunedRF_300_depth12_leaf1
2024-01-28,S004,P0019,121.40496093525473,TunedRF_300_depth12_leaf1
2024-01-29,S004,P0019,112.08274635476825,TunedRF_300_depth12_leaf1
2024-01-30,S004,P0019,113.37200597386041,TunedRF_300_depth12_leaf1
2024-01-01,S004,P0020,56.08927530780286,"ARIMA(1,0,1)"
2024-01-02,S004,P0020,57.58427177551394,"ARIMA(1,0,1)"
2024-01-03,S004,P0020,58.95387773788308,"ARIMA(1,0,1)"
2024-01-04,S004,P0020,60.20861012867533,"ARIMA(1,0,1)"
2024-01-05,S004,P0020,61.35810379018067,"ARIMA(1,0,1)"
2024-01-06,S004,P0020,62.41118545726558,"ARIMA(1,0,1)"
2024-01-07,S004,P0020,63.37594153612734,"ARIMA(1,0,1)"
2024-01-08,S004,P0020,64.25978019821059,"ARIMA(1,0,1)"
2024-01-09,S004,P0020,65.06948826609313,"ARIMA(1,0,1)"
2024-01-10,S004,P0020,65.81128332815655,"ARIMA(1,0,1)"
2024-01-11,S004,P0020,66.49086148221971,"ARIMA(1,0,1)"
2024-01-12,S004,P0020,67.11344107474929,"ARIMA(1,0,1)"
2024-01-13,S004,P0020,67.68380277151194,"ARIMA(1,0,1)"
2024-01-14,S004,P0020,68.20632626736281,"ARIMA(1,0,1)"
2024-01-15,S004,P0020,68.6850239170576,"ARIMA(1,0,1)"
2024-01-16,S004,P0020,69.12357154533254,"ARIMA(1,0,1)"
2024-01-17,S004,P0020,69.52533667283667,"ARIMA(1,0,1)"
2024-01-18,S004,P0020,69.89340437465818,"ARIMA(1,0,1)"
2024-01-19,S004,P0020,70.23060097000668,"ARIMA(1,0,1)"
2024-01-20,S004,P0020,70.53951572496057,"ARIMA(1,0,1)"
2024-01-21,S004,P0020,70.82252073492987,"ARIMA(1,0,1)"
2024-01-22,S004,P0020,71.0817891395086,"ARIMA(1,0,1)"
2024-01-23,S004,P0020,71.31931180958462,"ARIMA(1,0,1)"
2024-01-24,S004,P0020,71.53691263484411,"ARIMA(1,0,1)"
2024-01-25,S004,P0020,71.73626252906035,"ARIMA(1,0,1)"
2024-01-26,S004,P0020,71.91889226071065,"ARIMA(1,0,1)"
2024-01-27,S004,P0020,72.08620420744528,"ARIMA(1,0,1)"
2024-01-28,S004,P0020,72.23948312466851,"ARIMA(1,0,1)"
2024-01-29,S004,P0020,72.37990601092179,"ARIMA(1,0,1)"
2024-01-30,S004,P0020,72.50855114582302,"ARIMA(1,0,1)"
2024-01-01,S005,P0001,125.47333333333333,RandomForest
2024-01-02,S005,P0001,125.67666666666666,RandomForest
2024-01-03,S005,P0001,141.77333333333334,RandomForest
2024-01-04,S005,P0001,130.54,RandomForest
2024-01-05,S005,P0001,121.42333333333333,RandomForest
2024-01-06,S005,P0001,131.22,RandomForest
2024-01-07,S005,P0001,125.12666666666667,RandomForest
2024-01-08,S005,P0001,123.37,RandomForest
2024-01-09,S005,P0001,121.97666666666667,RandomForest
2024-01-10,S005,P0001,124.73333333333333,RandomForest
2024-01-11,S005,P0001,132.09666666666666,RandomForest
2024-01-12,S005,P0001,131.16666666666666,RandomForest
2024-01-13,S005,P0001,121.86666666666666,RandomForest
2024-01-14,S005,P0001,124.83,RandomForest
2024-01-15,S005,P0001,118.44333333333333,RandomForest
2024-01-16,S005,P0001,121.80333333333333,RandomForest
2024-01-17,S005,P0001,132.53666666666666,RandomForest
2024-01-18,S005,P0001,126.41666666666667,RandomForest
2024-01-19,S005,P0001,126.61,RandomForest
2024-01-20,S005,P0001,126.80333333333333,RandomForest
2024-01-21,S005,P0001,120.43333333333334,RandomForest
2024-01-22,S005,P0001,118.54,RandomForest
2024-01-23,S005,P0001,123.81333333333333,RandomForest
2024-01-24,S005,P0001,126.89666666666666,RandomForest
2024-01-25,S005,P0001,113.10666666666667,RandomForest
2024-01-26,S005,P0001,121.07,RandomForest
2024-01-27,S005,P0001,115.11666666666666,RandomForest
2024-01-28,S005,P0001,116.81,RandomForest
2024-01-29,S005,P0001,101.78333333333333,RandomForest
2024-01-30,S005,P0001,85.96333333333334,RandomForest
2024-01-01,S005,P0002,86.66678290041112,HistGradientBoosting
2024-01-02,S005,P0002,84.40806745995779,HistGradientBoosting
2024-01-03,S005,P0002,82.93218028948169,HistGradientBoosting
2024-01-04,S005,P0002,85.63991300837951,HistGradientBoosting
2024-01-05,S005,P0002,86.08873971879277,HistGradientBoosting
2024-01-06,S005,P0002,92.99125762440264,HistGradientBoosting
2024-01-07,S005,P0002,94.02852733115286,HistGradientBoosting
2024-01-08,S005,P0002,95.79503051102233,HistGradientBoosting
2024-01-09,S005,P0002,95.93787573780962,HistGradientBoosting
2024-01-10,S005,P0002,101.84367424193547,HistGradientBoosting
2024-01-11,S005,P0002,105.47128848957719,HistGradientBoosting
2024-01-12,S005,P0002,105.77446052015226,HistGradientBoosting
2024-01-13,S005,P0002,104.4741216771652,HistGradientBoosting
2024-01-14,S005,P0002,102.87029501031203,HistGradientBoosting
2024-01-15,S005,P0002,101.94325005756662,HistGradientBoosting
2024-01-16,S005,P0002,101.69622074385356,HistGradientBoosting
2024-01-17,S005,P0002,104.51288942168692,HistGradientBoosting
2024-01-18,S005,P0002,103.94165734721277,HistGradientBoosting
2024-01-19,S005,P0002,105.17176773883969,HistGradientBoosting
2024-01-20,S005,P0002,105.08792530354039,HistGradientBoosting
2024-01-21,S005,P0002,105.62000777761125,HistGradientBoosting
2024-01-22,S005,P0002,101.63933220319443,HistGradientBoosting
2024-01-23,S005,P0002,101.52071380078223,HistGradientBoosting
2024-01-24,S005,P0002,102.08113963387844,HistGradientBoosting
2024-01-25,S005,P0002,102.08113963387844,HistGradientBoosting
2024-01-26,S005,P0002,102.16122411087018,HistGradientBoosting
2024-01-27,S005,P0002,101.73675898336658,HistGradientBoosting
2024-01-28,S005,P0002,98.94828136779978,HistGradientBoosting
2024-01-29,S005,P0002,76.87745529574632,HistGradientBoosting
2024-01-30,S005,P0002,69.77687309535706,HistGradientBoosting
2024-01-01,S005,P0003,52.62865725845529,"ARIMA(1,0,1)"
2024-01-02,S005,P0003,55.546923657203834,"ARIMA(1,0,1)"
2024-01-03,S005,P0003,58.25830892263588,"ARIMA(1,0,1)"
2024-01-04,S005,P0003,60.77747922893643,"ARIMA(1,0,1)"
2024-01-05,S005,P0003,63.118061038926896,"ARIMA(1,0,1)"
2024-01-06,S005,P0003,65.29271481106638,"ARIMA(1,0,1)"
2024-01-07,S005,P0003,67.31320348123157,"ARIMA(1,0,1)"
2024-01-08,S005,P0003,69.1904560897006,"ARIMA(1,0,1)"
2024-01-09,S005,P0003,70.93462689750609,"ARIMA(1,0,1)"
2024-01-10,S005,P0003,72.5551503119238,"ARIMA(1,0,1)"
2024-01-11,S005,P0003,74.06079191819526,"ARIMA(1,0,1)"
2024-01-12,S005,P0003,75.45969589351998,"ARIMA(1,0,1)"
2024-01-13,S005,P0003,76.75942905978482,"ARIMA(1,0,1)"
2024-01-14,S005,P0003,77.96702181331653,"ARIMA(1,0,1)"
2024-01-15,S005,P0003,79.08900615305073,"ARIMA(1,0,1)"
2024-01-16,S005,P0003,80.1314510128159,"ARIMA(1,0,1)"
2024-01-17,S005,P0003,81.09999508884842,"ARIMA(1,0,1)"
2024-01-18,S005,P0003,81.99987734010628,"ARIMA(1,0,1)"
2024-01-19,S005,P0003,82.83596532636098,"ARIMA(1,0,1)"
2024-01-20,S005,P0003,83.61278153735113,"ARIMA(1,0,1)"
2024-01-21,S005,P0003,84.3345278554154,"ARIMA(1,0,1)"
2024-01-22,S005,P0003,85.00510828392545,"ARIMA(1,0,1)"
2024-01-23,S005,P0003,85.6281500644596,"ARIMA(1,0,1)"
2024-01-24,S005,P0003,86.20702329694217,"ARIMA(1,0,1)"
2024-01-25,S005,P0003,86.74485916887605,"ARIMA(1,0,1)"
2024-01-26,S005,P0003,87.24456689227226,"ARIMA(1,0,1)"
2024-01-27,S005,P0003,87.7088494398903,"ARIMA(1,0,1)"
2024-01-28,S005,P0003,88.14021816590812,"ARIMA(1,0,1)"
2024-01-29,S005,P0003,88.54100639010674,"ARIMA(1,0,1)"
2024-01-30,S005,P0003,88.91338201904755,"ARIMA(1,0,1)"
2024-01-01,S005,P0004,123.71666666666667,RandomForest
2024-01-02,S005,P0004,129.02333333333334,RandomForest
2024-01-03,S005,P0004,126.46,RandomForest
2024-01-04,S005,P0004,120.91,RandomForest
2024-01-05,S005,P0004,137.45,RandomForest
2024-01-06,S005,P0004,133.95333333333335,RandomForest
2024-01-07,S005,P0004,129.12666666666667,RandomForest
2024-01-08,S005,P0004,124.56,RandomForest
2024-01-09,S005,P0004,119.57666666666667,RandomForest
2024-01-10,S005,P0004,130.20333333333335,RandomForest
2024-01-11,S005,P0004,129.75,RandomForest
2024-01-12,S005,P0004,128.33333333333334,RandomForest
2024-01-13,S005,P0004,131.41,RandomForest
2024-01-14,S005,P0004,124.72666666666667,RandomForest
2024-01-15,S005,P0004,125.97,RandomForest
2024-01-16,S005,P0004,124.17666666666666,RandomForest
2024-01-17,S005,P0004,130.06666666666666,RandomForest
2024-01-18,S005,P0004,122.08,RandomForest
2024-01-19,S005,P0004,132.23666666666668,RandomForest
2024-01-20,S005,P0004,130.04333333333332,RandomForest
2024-01-21,S005,P0004,124.46,RandomForest
2024-01-22,S005,P0004,123.78666666666666,RandomForest
2024-01-23,S005,P0004,122.67666666666666,RandomForest
2024-01-24,S005,P0004,131.95,RandomForest
2024-01-25,S005,P0004,118.73666666666666,RandomForest
2024-01-26,S005,P0004,117.06333333333333,RandomForest
2024-01-27,S005,P0004,113.26,RandomForest
2024-01-28,S005,P0004,118.27333333333333,RandomForest
2024-01-29,S005,P0004,101.10333333333334,RandomForest
2024-01-30,S005,P0004,79.92,RandomForest
2024-01-01,S005,P0005,59.0,Naive
2024-01-02,S005,P0005,59.0,Naive
2024-01-03,S005,P0005,59.0,Naive
2024-01-04,S005,P0005,59.0,Naive
2024-01-05,S005,P0005,59.0,Naive
2024-01-06,S005,P0005,59.0,Naive
2024-01-07,S005,P0005,59.0,Naive
2024-01-08,S005,P0005,59.0,Naive
2024-01-09,S005,P0005,59.0,Naive
2024-01-10,S005,P0005,59.0,Naive
2024-01-11,S005,P0005,59.0,Naive
2024-01-12,S005,P0005,59.0,Naive
2024-01-13,S005,P0005,59.0,Naive
2024-01-14,S005,P0005,59.0,Naive
2024-01-15,S005,P0005,59.0,Naive
2024-01-16,S005,P0005,59.0,Naive
2024-01-17,S005,P0005,59.0,Naive
2024-01-18,S005,P0005,59.0,Naive
2024-01-19,S005,P0005,59.0,Naive
2024-01-20,S005,P0005,59.0,Naive
2024-01-21,S005,P0005,59.0,Naive
2024-01-22,S005,P0005,59.0,Naive
2024-01-23,S005,P0005,59.0,Naive
2024-01-24,S005,P0005,59.0,Naive
2024-01-25,S005,P0005,59.0,Naive
2024-01-26,S005,P0005,59.0,Naive
2024-01-27,S005,P0005,59.0,Naive
2024-01-28,S005,P0005,59.0,Naive
2024-01-29,S005,P0005,59.0,Naive
2024-01-30,S005,P0005,59.0,Naive
2024-01-01,S005,P0006,113.7631463500371,HistGradientBoosting
2024-01-02,S005,P0006,108.72126785148455,HistGradientBoosting
2024-01-03,S005,P0006,104.65965666328427,HistGradientBoosting
2024-01-04,S005,P0006,108.9688589639143,HistGradientBoosting
2024-01-05,S005,P0006,108.95059027863273,HistGradientBoosting
2024-01-06,S005,P0006,116.89131188412259,HistGradientBoosting
2024-01-07,S005,P0006,126.56472875389969,HistGradientBoosting
2024-01-08,S005,P0006,119.7222434170999,HistGradientBoosting
2024-01-09,S005,P0006,122.86859052229156,HistGradientBoosting
2024-01-10,S005,P0006,121.27367530685568,HistGradientBoosting
2024-01-11,S005,P0006,126.37342585853413,HistGradientBoosting
2024-01-12,S005,P0006,124.48902228878866,HistGradientBoosting
2024-01-13,S005,P0006,124.37916201931628,HistGradientBoosting
2024-01-14,S005,P0006,127.53998506160471,HistGradientBoosting
2024-01-15,S005,P0006,122.15018246538398,HistGradientBoosting
2024-01-16,S005,P0006,125.17527657664517,HistGradientBoosting
2024-01-17,S005,P0006,124.90217761886177,HistGradientBoosting
2024-01-18,S005,P0006,126.08205087149683,HistGradientBoosting
2024-01-19,S005,P0006,126.26432129893583,HistGradientBoosting
2024-01-20,S005,P0006,125.73253190217339,HistGradientBoosting
2024-01-21,S005,P0006,126.50290411613082,HistGradientBoosting
2024-01-22,S005,P0006,122.55636756223836,HistGradientBoosting
2024-01-23,S005,P0006,122.89842651446322,HistGradientBoosting
2024-01-24,S005,P0006,122.5495376207264,HistGradientBoosting
2024-01-25,S005,P0006,120.50759449347908,HistGradientBoosting
2024-01-26,S005,P0006,120.53845693880318,HistGradientBoosting
2024-01-27,S005,P0006,120.21799663860745,HistGradientBoosting
2024-01-28,S005,P0006,118.0569232039267,HistGradientBoosting
2024-01-29,S005,P0006,100.89704640862644,HistGradientBoosting
2024-01-30,S005,P0006,99.95349368834358,HistGradientBoosting
2024-01-01,S005,P0007,99.11683302247735,HistGradientBoosting
2024-01-02,S005,P0007,111.82591356496737,HistGradientBoosting
2024-01-03,S005,P0007,111.96314156836226,HistGradientBoosting
2024-01-04,S005,P0007,104.45504232853925,HistGradientBoosting
2024-01-05,S005,P0007,115.84418309351292,HistGradientBoosting
2024-01-06,S005,P0007,112.43130159586651,HistGradientBoosting
2024-01-07,S005,P0007,119.62688494789093,HistGradientBoosting
2024-01-08,S005,P0007,116.09177565036151,HistGradientBoosting
2024-01-09,S005,P0007,116.2782453786656,HistGradientBoosting
2024-01-10,S005,P0007,119.47463392331825,HistGradientBoosting
2024-01-11,S005,P0007,124.93112217380137,HistGradientBoosting
2024-01-12,S005,P0007,124.33099589818337,HistGradientBoosting
2024-01-13,S005,P0007,124.60002307726865,HistGradientBoosting
2024-01-14,S005,P0007,127.4697136695838,HistGradientBoosting
2024-01-15,S005,P0007,122.374078695927,HistGradientBoosting
2024-01-16,S005,P0007,124.87589549298515,HistGradientBoosting
2024-01-17,S005,P0007,124.88810906639704,HistGradientBoosting
2024-01-18,S005,P0007,125.26035298904762,HistGradientBoosting
2024-01-19,S005,P0007,126.16757595175274,HistGradientBoosting
2024-01-20,S005,P0007,125.76300154148242,HistGradientBoosting
2024-01-21,S005,P0007,126.47662733441028,HistGradientBoosting
2024-01-22,S005,P0007,122.5868372015474,HistGradientBoosting
2024-01-23,S005,P0007,122.87214973274268,HistGradientBoosting
2024-01-24,S005,P0007,122.8724117131026,HistGradientBoosting
2024-01-25,S005,P0007,120.67121415772075,HistGradientBoosting
2024-01-26,S005,P0007,120.53845693880318,HistGradientBoosting
2024-01-27,S005,P0007,120.34930079937436,HistGradientBoosting
2024-01-28,S005,P0007,117.634287591206,HistGradientBoosting
2024-01-29,S005,P0007,100.8943380881613,HistGradientBoosting
2024-01-30,S005,P0007,100.20060470155825,HistGradientBoosting
2024-01-01,S005,P0008,126.50852082381091,HistGradientBoosting
2024-01-02,S005,P0008,127.75351109545451,HistGradientBoosting
2024-01-03,S005,P0008,124.46474271200937,HistGradientBoosting
2024-01-04,S005,P0008,123.4204426646037,HistGradientBoosting
2024-01-05,S005,P0008,124.65349260279838,HistGradientBoosting
2024-01-06,S005,P0008,133.3890923357876,HistGradientBoosting
2024-01-07,S005,P0008,126.76769694528217,HistGradientBoosting
2024-01-08,S005,P0008,121.66334520922828,HistGradientBoosting
2024-01-09,S005,P0008,128.12694908408164,HistGradientBoosting
2024-01-10,S005,P0008,124.82175357996398,HistGradientBoosting
2024-01-11,S005,P0008,130.56080553177938,HistGradientBoosting
2024-01-12,S005,P0008,126.0643010504603,HistGradientBoosting
2024-01-13,S005,P0008,126.12669346598896,HistGradientBoosting
2024-01-14,S005,P0008,124.74575606022687,HistGradientBoosting
2024-01-15,S005,P0008,125.94028333228054,HistGradientBoosting
2024-01-16,S005,P0008,124.32330663090585,HistGradientBoosting
2024-01-17,S005,P0008,126.56056750583205,HistGradientBoosting
2024-01-18,S005,P0008,126.56056750583205,HistGradientBoosting
2024-01-19,S005,P0008,126.61562294677893,HistGradientBoosting
2024-01-20,S005,P0008,128.45989737321744,HistGradientBoosting
2024-01-21,S005,P0008,126.1277638896756,HistGradientBoosting
2024-01-22,S005,P0008,123.27233897311619,HistGradientBoosting
2024-01-23,S005,P0008,122.61311398326794,HistGradientBoosting
2024-01-24,S005,P0008,122.60326786859456,HistGradientBoosting
2024-01-25,S005,P0008,120.56132474134724,HistGradientBoosting
2024-01-26,S005,P0008,120.55252549126791,HistGradientBoosting
2024-01-27,S005,P0008,120.40303104724252,HistGradientBoosting
2024-01-28,S005,P0008,117.68801783907416,HistGradientBoosting
2024-01-29,S005,P0008,101.2709588672794,HistGradientBoosting
2024-01-30,S005,P0008,100.67602811311275,HistGradientBoosting
2024-01-01,S005,P0009,105.6552707484154,HistGradientBoosting
2024-01-02,S005,P0009,114.2264017501572,HistGradientBoosting
2024-01-03,S005,P0009,111.9294045652748,HistGradientBoosting
2024-01-04,S005,P0009,117.37397159935982,HistGradientBoosting
2024-01-05,S005,P0009,115.16722057142809,HistGradientBoosting
2024-01-06,S005,P0009,117.89632946464603,HistGradientBoosting
2024-01-07,S005,P0009,118.13696552717856,HistGradientBoosting
2024-01-08,S005,P0009,120.59422551634678,HistGradientBoosting
2024-01-09,S005,P0009,121.51679246157602,HistGradientBoosting
2024-01-10,S005,P0009,121.99304581955057,HistGradientBoosting
2024-01-11,S005,P0009,126.2711701451637,HistGradientBoosting
2024-01-12,S005,P0009,124.38676657541822,HistGradientBoosting
2024-01-13,S005,P0009,124.19546022187593,HistGradientBoosting
2024-01-14,S005,P0009,124.40881191331202,HistGradientBoosting
2024-01-15,S005,P0009,122.15018246538398,HistGradientBoosting
2024-01-16,S005,P0009,125.17527657664517,HistGradientBoosting
2024-01-17,S005,P0009,125.00226169214403,HistGradientBoosting
2024-01-18,S005,P0009,126.11252051080587,HistGradientBoosting
2024-01-19,S005,P0009,126.16757595175274,HistGradientBoosting
2024-01-20,S005,P0009,125.71846334970866,HistGradientBoosting
2024-01-21,S005,P0009,126.47662733441028,HistGradientBoosting
2024-01-22,S005,P0009,122.5868372015474,HistGradientBoosting
2024-01-23,S005,P0009,122.64358362257697,HistGradientBoosting
2024-01-24,S005,P0009,122.59254360896466,HistGradientBoosting
2024-01-25,S005,P0009,120.50759449347908,HistGradientBoosting
2024-01-26,S005,P0009,120.49879524339975,HistGradientBoosting
2024-01-27,S005,P0009,120.2717268864756,HistGradientBoosting
2024-01-28,S005,P0009,117.68801783907416,HistGradientBoosting
2024-01-29,S005,P0009,100.89704640862644,HistGradientBoosting
2024-01-30,S005,P0009,98.88762781993857,HistGradientBoosting
2024-01-01,S005,P0010,105.05190241477841,"ARIMA(1,0,1)"
2024-01-02,S005,P0010,105.76784248452572,"ARIMA(1,0,1)"
2024-01-03,S005,P0010,106.44813966664326,"ARIMA(1,0,1)"
2024-01-04,S005,P0010,107.09456843289522,"ARIMA(1,0,1)"
2024-01-05,S005,P0010,107.70881491343674,"ARIMA(1,0,1)"
2024-01-06,S005,P0010,108.29248129487773,"ARIMA(1,0,1)"
2024-01-07,S005,P0010,108.84708999939012,"ARIMA(1,0,1)"
2024-01-08,S005,P0010,109.37408765575935,"ARIMA(1,0,1)"
2024-01-09,S005,P0010,109.87484887273814,"ARIMA(1,0,1)"
2024-01-10,S005,P0010,110.35067982454487,"ARIMA(1,0,1)"
2024-01-11,S005,P0010,110.80282165785877,"ARIMA(1,0,1)"
2024-01-12,S005,P0010,111.23245372919888,"ARIMA(1,0,1)"
2024-01-13,S005,P0010,111.64069668113082,"ARIMA(1,0,1)"
2024-01-14,S005,P0010,112.02861536532555,"ARIMA(1,0,1)"
2024-01-15,S005,P0010,112.3972216200943,"ARIMA(1,0,1)"
2024-01-16,S005,P0010,112.7474769096447,"ARIMA(1,0,1)"
2024-01-17,S005,P0010,113.08029483194233,"ARIMA(1,0,1)"
2024-01-18,S005,P0010,113.39654350171885,"ARIMA(1,0,1)"
2024-01-19,S005,P0010,113.69704781484289,"ARIMA(1,0,1)"
2024-01-20,S005,P0010,113.98259159995973,"ARIMA(1,0,1)"
2024-01-21,S005,P0010,114.25391966301217,"ARIMA(1,0,1)"
2024-01-22,S005,P0010,114.51173972997552,"ARIMA(1,0,1)"
2024-01-23,S005,P0010,114.75672429287395,"ARIMA(1,0,1)"
2024-01-24,S005,P0010,114.98951236389355,"ARIMA(1,0,1)"
2024-01-25,S005,P0010,115.21071114216714,"ARIMA(1,0,1)"
2024-01-26,S005,P0010,115.42089759757881,"ARIMA(1,0,1)"
2024-01-27,S005,P0010,115.62061997571908,"ARIMA(1,0,1)"
2024-01-28,S005,P0010,115.81039922791626,"ARIMA(1,0,1)"
2024-01-29,S005,P0010,115.99073037007415,"ARIMA(1,0,1)"
2024-01-30,S005,P0010,116.16208377386022,"ARIMA(1,0,1)"
2024-01-01,S005,P0011,68.03803007616149,"ARIMA(1,0,1)"
2024-01-02,S005,P0011,69.99266502547655,"ARIMA(1,0,1)"
2024-01-03,S005,P0011,71.78967078006013,"ARIMA(1,0,1)"
2024-01-04,S005,P0011,73.44175915755386,"ARIMA(1,0,1)"
2024-01-05,S005,P0011,74.96061684628864,"ARIMA(1,0,1)"
2024-01-06,S005,P0011,76.35698807561016,"ARIMA(1,0,1)"
2024-01-07,S005,P0011,77.64075061935525,"ARIMA(1,0,1)"
2024-01-08,S005,P0011,78.82098567011862,"ARIMA(1,0,1)"
2024-01-09,S005,P0011,79.90604207859337,"ARIMA(1,0,1)"
2024-01-10,S005,P0011,80.9035954124065,"ARIMA(1,0,1)"
2024-01-11,S005,P0011,81.82070225222557,"ARIMA(1,0,1)"
2024-01-12,S005,P0011,82.66385010922072,"ARIMA(1,0,1)"
2024-01-13,S005,P0011,83.43900331699285,"ARIMA(1,0,1)"
2024-01-14,S005,P0011,84.15164522260216,"ARIMA(1,0,1)"
2024-01-15,S005,P0011,84.80681697515169,"ARIMA(1,0,1)"
2024-01-16,S005,P0011,85.40915318631208,"ARIMA(1,0,1)"
2024-01-17,S005,P0011,85.96291471504593,"ARIMA(1,0,1)"
2024-01-18,S005,P0011,86.4720188084473,"ARIMA(1,0,1)"
2024-01-19,S005,P0011,86.9400668119095,"ARIMA(1,0,1)"
2024-01-20,S005,P0011,87.37036964463928,"ARIMA(1,0,1)"
2024-01-21,S005,P0011,87.76597122072897,"ARIMA(1,0,1)"
2024-01-22,S005,P0011,88.12966998146413,"ARIMA(1,0,1)"
2024-01-23,S005,P0011,88.46403869118407,"ARIMA(1,0,1)"
2024-01-24,S005,P0011,88.77144263672898,"ARIMA(1,0,1)"
2024-01-25,S005,P0011,89.05405635921433,"ARIMA(1,0,1)"
2024-01-26,S005,P0011,89.31387903649144,"ARIMA(1,0,1)"
2024-01-27,S005,P0011,89.55274862510794,"ARIMA(1,0,1)"
2024-01-28,S005,P0011,89.77235486180663,"ARIMA(1,0,1)"
2024-01-29,S005,P0011,89.9742512165343,"ARIMA(1,0,1)"
2024-01-30,S005,P0011,90.15986588151416,"ARIMA(1,0,1)"
2024-01-01,S005,P0012,52.472292715529846,"ARIMA(1,0,1)"
2024-01-02,S005,P0012,54.032176744126915,"ARIMA(1,0,1)"
2024-01-03,S005,P0012,55.479836102468646,"ARIMA(1,0,1)"
2024-01-04,S005,P0012,56.8233447091176,"ARIMA(1,0,1)"
2024-01-05,S005,P0012,58.070195610704985,"ARIMA(1,0,1)"
2024-01-06,S005,P0012,59.227342772320085,"ARIMA(1,0,1)"
2024-01-07,S005,P0012,60.301239861321804,"ARIMA(1,0,1)"
2024-01-08,S005,P0012,61.297876240878495,"ARIMA(1,0,1)"
2024-01-09,S005,P0012,62.22281037397985,"ARIMA(1,0,1)"
2024-01-10,S005,P0012,63.08120082422257,"ARIMA(1,0,1)"
2024-01-11,S005,P0012,63.87783502626814,"ARIMA(1,0,1)"
2024-01-12,S005,P0012,64.61715598643181,"ARIMA(1,0,1)"
2024-01-13,S005,P0012,65.3032870623181,"ARIMA(1,0,1)"
2024-01-14,S005,P0012,65.94005495970418,"ARIMA(1,0,1)"
2024-01-15,S005,P0012,66.53101107493,"ARIMA(1,0,1)"
2024-01-16,S005,P0012,67.07945130182647,"ARIMA(1,0,1)"
2024-01-17,S005,P0012,67.58843441364908,"ARIMA(1,0,1)"
2024-01-18,S005,P0012,68.06079912253747,"ARIMA(1,0,1)"
2024-01-19,S005,P0012,68.49917991164503,"ARIMA(1,0,1)"
2024-01-20,S005,P0012,68.906021728238,"ARIMA(1,0,1)"
2024-01-21,S005,P0012,69.28359361971076,"ARIMA(1,0,1)"
2024-01-22,S005,P0012,69.6340013885684,"ARIMA(1,0,1)"
2024-01-23,S005,P0012,69.95919933695602,"ARIMA(1,0,1)"
2024-01-24,S005,P0012,70.26100116623707,"ARIMA(1,0,1)"
2024-01-25,S005,P0012,70.54109009240955,"ARIMA(1,0,1)"
2024-01-26,S005,P0012,70.80102823377646,"ARIMA(1,0,1)"
2024-01-27,S005,P0012,71.04226532322743,"ARIMA(1,0,1)"
2024-01-28,S005,P0012,71.26614679372167,"ARIMA(1,0,1)"
2024-01-29,S005,P0012,71.47392128206732,"ARIMA(1,0,1)"
2024-01-30,S005,P0012,71.66674759284683,"ARIMA(1,0,1)"
2024-01-01,S005,P0013,100.89333333333333,RandomForest
2024-01-02,S005,P0013,100.64333333333333,RandomForest
2024-01-03,S005,P0013,88.97666666666667,RandomForest
2024-01-04,S005,P0013,105.5,RandomForest
2024-01-05,S005,P0013,106.89,RandomForest
2024-01-06,S005,P0013,118.17666666666666,RandomForest
2024-01-07,S005,P0013,111.84666666666666,RandomForest
2024-01-08,S005,P0013,117.79666666666667,RandomForest
2024-01-09,S005,P0013,124.70666666666666,RandomForest
2024-01-10,S005,P0013,121.32,RandomForest
2024-01-11,S005,P0013,124.49,RandomForest
2024-01-12,S005,P0013,122.93333333333334,RandomForest
2024-01-13,S005,P0013,127.98333333333333,RandomForest
2024-01-14,S005,P0013,131.84,RandomForest
2024-01-15,S005,P0013,122.67,RandomForest
2024-01-16,S005,P0013,122.21,RandomForest
2024-01-17,S005,P0013,128.76,RandomForest
2024-01-18,S005,P0013,127.67,RandomForest
2024-01-19,S005,P0013,117.3,RandomForest
2024-01-20,S005,P0013,118.75666666666666,RandomForest
2024-01-21,S005,P0013,115.05,RandomForest
2024-01-22,S005,P0013,120.42,RandomForest
2024-01-23,S005,P0013,121.73666666666666,RandomForest
2024-01-24,S005,P0013,134.78333333333333,RandomForest
2024-01-25,S005,P0013,116.64,RandomForest
2024-01-26,S005,P0013,123.23666666666666,RandomForest
2024-01-27,S005,P0013,121.16666666666667,RandomForest
2024-01-28,S005,P0013,118.98333333333333,RandomForest
2024-01-29,S005,P0013,102.6,RandomForest
2024-01-30,S005,P0013,91.51666666666667,RandomForest
2024-01-01,S005,P0014,41.415850832890285,TunedRF_300_depth12_leaf1
2024-01-02,S005,P0014,37.42106461816095,TunedRF_300_depth12_leaf1
2024-01-03,S005,P0014,36.81863857317921,TunedRF_300_depth12_leaf1
2024-01-04,S005,P0014,36.67312777285242,TunedRF_300_depth12_leaf1
2024-01-05,S005,P0014,37.07213504944666,TunedRF_300_depth12_leaf1
2024-01-06,S005,P0014,38.100594405266484,TunedRF_300_depth12_leaf1
2024-01-07,S005,P0014,38.49335232676496,TunedRF_300_depth12_leaf1
2024-01-08,S005,P0014,38.19404048792938,TunedRF_300_depth12_leaf1
2024-01-09,S005,P0014,38.05199217101125,TunedRF_300_depth12_leaf1
2024-01-10,S005,P0014,37.30420639547258,TunedRF_300_depth12_leaf1
2024-01-11,S005,P0014,37.33831872604406,TunedRF_300_depth12_leaf1
2024-01-12,S005,P0014,37.366723692375714,TunedRF_300_depth12_leaf1
2024-01-13,S005,P0014,37.7012304605569,TunedRF_300_depth12_leaf1
2024-01-14,S005,P0014,38.028096630117126,TunedRF_300_depth12_leaf1
2024-01-15,S005,P0014,39.98145216504204,TunedRF_300_depth12_leaf1
2024-01-16,S005,P0014,37.167434945127646,TunedRF_300_depth12_leaf1
2024-01-17,S005,P0014,37.087922973737875,TunedRF_300_depth12_leaf1
2024-01-18,S005,P0014,36.83355144035977,TunedRF_300_depth12_leaf1
2024-01-19,S005,P0014,36.898655396743216,TunedRF_300_depth12_leaf1
2024-01-20,S005,P0014,38.31685342269473,TunedRF_300_depth12_leaf1
2024-01-21,S005,P0014,37.86516464946748,TunedRF_300_depth12_leaf1
2024-01-22,S005,P0014,38.509986999693275,TunedRF_300_depth12_leaf1
2024-01-23,S005,P0014,38.26368749350222,TunedRF_300_depth12_leaf1
2024-01-24,S005,P0014,40.099584170411816,TunedRF_300_depth12_leaf1
2024-01-25,S005,P0014,39.83294819248435,TunedRF_300_depth12_leaf1
2024-01-26,S005,P0014,56.807679227810794,TunedRF_300_depth12_leaf1
2024-01-27,S005,P0014,59.76619151212969,TunedRF_300_depth12_leaf1
2024-01-28,S005,P0014,58.857222423741305,TunedRF_300_depth12_leaf1
2024-01-29,S005,P0014,55.93438894136523,TunedRF_300_depth12_leaf1
2024-01-30,S005,P0014,56.58768861285071,TunedRF_300_depth12_leaf1
2024-01-01,S005,P0015,64.0,Naive
2024-01-02,S005,P0015,64.0,Naive
2024-01-03,S005,P0015,64.0,Naive
2024-01-04,S005,P0015,64.0,Naive
2024-01-05,S005,P0015,64.0,Naive
2024-01-06,S005,P0015,64.0,Naive
2024-01-07,S005,P0015,64.0,Naive
2024-01-08,S005,P0015,64.0,Naive
2024-01-09,S005,P0015,64.0,Naive
2024-01-10,S005,P0015,64.0,Naive
2024-01-11,S005,P0015,64.0,Naive
2024-01-12,S005,P0015,64.0,Naive
2024-01-13,S005,P0015,64.0,Naive
2024-01-14,S005,P0015,64.0,Naive
2024-01-15,S005,P0015,64.0,Naive
2024-01-16,S005,P0015,64.0,Naive
2024-01-17,S005,P0015,64.0,Naive
2024-01-18,S005,P0015,64.0,Naive
2024-01-19,S005,P0015,64.0,Naive
2024-01-20,S005,P0015,64.0,Naive
2024-01-21,S005,P0015,64.0,Naive
2024-01-22,S005,P0015,64.0,Naive
2024-01-23,S005,P0015,64.0,Naive
2024-01-24,S005,P0015,64.0,Naive
2024-01-25,S005,P0015,64.0,Naive
2024-01-26,S005,P0015,64.0,Naive
2024-01-27,S005,P0015,64.0,Naive
2024-01-28,S005,P0015,64.0,Naive
2024-01-29,S005,P0015,64.0,Naive
2024-01-30,S005,P0015,64.0,Naive
2024-01-01,S005,P0016,31.70305551394126,TunedRF_300_depth12_leaf1
2024-01-02,S005,P0016,31.67899106977605,TunedRF_300_depth12_leaf1
2024-01-03,S005,P0016,32.36809456871833,TunedRF_300_depth12_leaf1
2024-01-04,S005,P0016,32.54257173574866,TunedRF_300_depth12_leaf1
2024-01-05,S005,P0016,32.44481471607391,TunedRF_300_depth12_leaf1
2024-01-06,S005,P0016,32.38189448843525,TunedRF_300_depth12_leaf1
2024-01-07,S005,P0016,32.65688401389054,TunedRF_300_depth12_leaf1
2024-01-08,S005,P0016,32.59511596980819,TunedRF_300_depth12_leaf1
2024-01-09,S005,P0016,32.10964676698547,TunedRF_300_depth12_leaf1
2024-01-10,S005,P0016,32.81367078062277,TunedRF_300_depth12_leaf1
2024-01-11,S005,P0016,32.41111120459362,TunedRF_300_depth12_leaf1
2024-01-12,S005,P0016,33.51156389542114,TunedRF_300_depth12_leaf1
2024-01-13,S005,P0016,33.80613536598026,TunedRF_300_depth12_leaf1
2024-01-14,S005,P0016,35.65088500179748,TunedRF_300_depth12_leaf1
2024-01-15,S005,P0016,33.60270463448227,TunedRF_300_depth12_leaf1
2024-01-16,S005,P0016,33.80103295193442,TunedRF_300_depth12_leaf1
2024-01-17,S005,P0016,34.00333806080673,TunedRF_300_depth12_leaf1
2024-01-18,S005,P0016,34.125797575792134,TunedRF_300_depth12_leaf1
2024-01-19,S005,P0016,34.456960490290186,TunedRF_300_depth12_leaf1
2024-01-20,S005,P0016,34.29352486135758,TunedRF_300_depth12_leaf1
2024-01-21,S005,P0016,34.377098617278754,TunedRF_300_depth12_leaf1
2024-01-22,S005,P0016,34.44526090316051,TunedRF_300_depth12_leaf1
2024-01-23,S005,P0016,34.02522362817542,TunedRF_300_depth12_leaf1
2024-01-24,S005,P0016,33.28773860016805,TunedRF_300_depth12_leaf1
2024-01-25,S005,P0016,35.253709952131345,TunedRF_300_depth12_leaf1
2024-01-26,S005,P0016,58.48122347601961,TunedRF_300_depth12_leaf1
2024-01-27,S005,P0016,63.21736509195496,TunedRF_300_depth12_leaf1
2024-01-28,S005,P0016,55.21597988530436,TunedRF_300_depth12_leaf1
2024-01-29,S005,P0016,57.41414131043193,TunedRF_300_depth12_leaf1
2024-01-30,S005,P0016,60.840490296864,TunedRF_300_depth12_leaf1
2024-01-01,S005,P0017,43.17412766224224,"ARIMA(1,0,1)"
2024-01-02,S005,P0017,47.437938123417666,"ARIMA(1,0,1)"
2024-01-03,S005,P0017,51.329050004568956,"ARIMA(1,0,1)"
2024-01-04,S005,P0017,54.88004079309072,"ARIMA(1,0,1)"
2024-01-05,S005,P0017,58.120640386550775,"ARIMA(1,0,1)"
2024-01-06,S005,P0017,61.07797999978732,"ARIMA(1,0,1)"
2024-01-07,S005,P0017,63.77681931510054,"ARIMA(1,0,1)"
2024-01-08,S005,P0017,66.2397537773042,"ARIMA(1,0,1)"
2024-01-09,S005,P0017,68.48740376916986,"ARIMA(1,0,1)"
2024-01-10,S005,P0017,70.53858725109393,"ARIMA(1,0,1)"
2024-01-11,S005,P0017,72.41047731037571,"ARIMA(1,0,1)"
2024-01-12,S005,P0017,74.11874593915346,"ARIMA(1,0,1)"
2024-01-13,S005,P0017,75.67769524474774,"ARIMA(1,0,1)"
2024-01-14,S005,P0017,77.10037719094247,"ARIMA(1,0,1)"
2024-01-15,S005,P0017,78.39870287271107,"ARIMA(1,0,1)"
2024-01-16,S005,P0017,79.58354223926702,"ARIMA(1,0,1)"
2024-01-17,S005,P0017,80.66481510034785,"ARIMA(1,0,1)"
2024-01-18,S005,P0017,81.65157417766346,"ARIMA(1,0,1)"
2024-01-19,S005,P0017,82.55208089683835,"ARIMA(1,0,1)"
2024-01-20,S005,P0017,83.37387455439976,"ARIMA(1,0,1)"
2024-01-21,S005,P0017,84.12383543889707,"ARIMA(1,0,1)"
2024-01-22,S005,P0017,84.80824243462027,"ARIMA(1,0,1)"
2024-01-23,S005,P0017,85.4328255901922,"ARIMA(1,0,1)"
2024-01-24,S005,P0017,86.00281409215364,"ARIMA(1,0,1)"
2024-01-25,S005,P0017,86.52298004518954,"ARIMA(1,0,1)"
2024-01-26,S005,P0017,86.99767842553698,"ARIMA(1,0,1)"
2024-01-27,S005,P0017,87.43088354207585,"ARIMA(1,0,1)"
2024-01-28,S005,P0017,87.8262223103651,"ARIMA(1,0,1)"
2024-01-29,S005,P0017,88.18700461820389,"ARIMA(1,0,1)"
2024-01-30,S005,P0017,88.51625103694683,"ARIMA(1,0,1)"
2024-01-01,S005,P0018,127.4829098260814,"ARIMA(1,0,1)"
2024-01-02,S005,P0018,126.16150094823865,"ARIMA(1,0,1)"
2024-01-03,S005,P0018,125.16958853436083,"ARIMA(1,0,1)"
2024-01-04,S005,P0018,124.42501185313617,"ARIMA(1,0,1)"
2024-01-05,S005,P0018,123.8660971481007,"ARIMA(1,0,1)"
2024-01-06,S005,P0018,123.44654916146344,"ARIMA(1,0,1)"
2024-01-07,S005,P0018,123.13161646868302,"ARIMA(1,0,1)"
2024-01-08,S005,P0018,122.89521299603885,"ARIMA(1,0,1)"
2024-01-09,S005,P0018,122.71775729467986,"ARIMA(1,0,1)"
2024-01-10,S005,P0018,122.58455059685689,"ARIMA(1,0,1)"
2024-01-11,S005,P0018,122.48455930771254,"ARIMA(1,0,1)"
2024-01-12,S005,P0018,122.409501085655,"ARIMA(1,0,1)"
2024-01-13,S005,P0018,122.35315881077638,"ARIMA(1,0,1)"
2024-01-14,S005,P0018,122.31086561688663,"ARIMA(1,0,1)"
2024-01-15,S005,P0018,122.27911833204149,"ARIMA(1,0,1)"
2024-01-16,S005,P0018,122.25528730859914,"ARIMA(1,0,1)"
2024-01-17,S005,P0018,122.23739860784627,"ARIMA(1,0,1)"
2024-01-18,S005,P0018,122.22397049740867,"ARIMA(1,0,1)"
2024-01-19,S005,P0018,122.21389071842329,"ARIMA(1,0,1)"
2024-01-20,S005,P0018,122.20632435643466,"ARIMA(1,0,1)"
2024-01-21,S005,P0018,122.20064468490357,"ARIMA(1,0,1)"
2024-01-22,S005,P0018,122.19638125305222,"ARIMA(1,0,1)"
2024-01-23,S005,P0018,122.19318091812943,"ARIMA(1,0,1)"
2024-01-24,S005,P0018,122.19077859437353,"ARIMA(1,0,1)"
2024-01-25,S005,P0018,122.18897529579154,"ARIMA(1,0,1)"
2024-01-26,S005,P0018,122.18762165402374,"ARIMA(1,0,1)"
2024-01-27,S005,P0018,122.1866055460681,"ARIMA(1,0,1)"
2024-01-28,S005,P0018,122.18584280706132,"ARIMA(1,0,1)"
2024-01-29,S005,P0018,122.18527025885004,"ARIMA(1,0,1)"
2024-01-30,S005,P0018,122.18484047690454,"ARIMA(1,0,1)"
2024-01-01,S005,P0019,37.62415163993875,TunedRF_300_depth12_leaf1
2024-01-02,S005,P0019,37.54221071051756,TunedRF_300_depth12_leaf1
2024-01-03,S005,P0019,36.69585316175197,TunedRF_300_depth12_leaf1
2024-01-04,S005,P0019,37.884456348788035,TunedRF_300_depth12_leaf1
2024-01-05,S005,P0019,38.27913243516198,TunedRF_300_depth12_leaf1
2024-01-06,S005,P0019,38.53297764757162,TunedRF_300_depth12_leaf1
2024-01-07,S005,P0019,38.22459640555958,TunedRF_300_depth12_leaf1
2024-01-08,S005,P0019,38.50183090250016,TunedRF_300_depth12_leaf1
2024-01-09,S005,P0019,38.02543875784617,TunedRF_300_depth12_leaf1
2024-01-10,S005,P0019,37.503560081129855,TunedRF_300_depth12_leaf1
2024-01-11,S005,P0019,37.183572566517235,TunedRF_300_depth12_leaf1
2024-01-12,S005,P0019,37.34126351974469,TunedRF_300_depth12_leaf1
2024-01-13,S005,P0019,37.98384922925872,TunedRF_300_depth12_leaf1
2024-01-14,S005,P0019,37.384765030199844,TunedRF_300_depth12_leaf1
2024-01-15,S005,P0019,37.11095696615809,TunedRF_300_depth12_leaf1
2024-01-16,S005,P0019,37.1728821284719,TunedRF_300_depth12_leaf1
2024-01-17,S005,P0019,38.33937216789545,TunedRF_300_depth12_leaf1
2024-01-18,S005,P0019,37.98489383260878,TunedRF_300_depth12_leaf1
2024-01-19,S005,P0019,38.34336950372321,TunedRF_300_depth12_leaf1
2024-01-20,S005,P0019,38.070748953136075,TunedRF_300_depth12_leaf1
2024-01-21,S005,P0019,37.967771236109826,TunedRF_300_depth12_leaf1
2024-01-22,S005,P0019,37.80155421231544,TunedRF_300_depth12_leaf1
2024-01-23,S005,P0019,37.75058544018139,TunedRF_300_depth12_leaf1
2024-01-24,S005,P0019,38.60827392093624,TunedRF_300_depth12_leaf1
2024-01-25,S005,P0019,39.590355117275564,TunedRF_300_depth12_leaf1
2024-01-26,S005,P0019,55.91155844253068,TunedRF_300_depth12_leaf1
2024-01-27,S005,P0019,58.683191160749,TunedRF_300_depth12_leaf1
2024-01-28,S005,P0019,57.309942567788205,TunedRF_300_depth12_leaf1
2024-01-29,S005,P0019,51.43526988616217,TunedRF_300_depth12_leaf1
2024-01-30,S005,P0019,56.0704156785916,TunedRF_300_depth12_leaf1
2024-01-01,S005,P0020,47.3444488855093,"ARIMA(1,0,1)"
2024-01-02,S005,P0020,50.68489616941554,"ARIMA(1,0,1)"
2024-01-03,S005,P0020,53.77432622273978,"ARIMA(1,0,1)"
2024-01-04,S005,P0020,56.63160168413303,"ARIMA(1,0,1)"
2024-01-05,S005,P0020,59.274167763107855,"ARIMA(1,0,1)"
2024-01-06,S005,P0020,61.718158752462195,"ARIMA(1,0,1)"
2024-01-07,S005,P0020,63.97849653684882,"ARIMA(1,0,1)"
2024-01-08,S005,P0020,66.06898169893839,"ARIMA(1,0,1)"
2024-01-09,S005,P0020,68.00237777942843,"ARIMA(1,0,1)"
2024-01-10,S005,P0020,69.79048920535112,"ARIMA(1,0,1)"
2024-01-11,S005,P0020,71.44423336247435,"ARIMA(1,0,1)"
2024-01-12,S005,P0020,72.97370725183666,"ARIMA(1,0,1)"
2024-01-13,S005,P0020,74.38824913739072,"ARIMA(1,0,1)"
2024-01-14,S005,P0020,75.69649556114696,"ARIMA(1,0,1)"
2024-01-15,S005,P0020,76.90643407392608,"ARIMA(1,0,1)"
2024-01-16,S005,P0020,78.02545200366963,"ARIMA(1,0,1)"
2024-01-17,S005,P0020,79.06038155906609,"ARIMA(1,0,1)"
2024-01-18,S005,P0020,80.017541543874,"ARIMA(1,0,1)"
2024-01-19,S005,P0020,80.90277593663083,"ARIMA(1,0,1)"
2024-01-20,S005,P0020,81.72148957129747,"ARIMA(1,0,1)"
2024-01-21,S005,P0020,82.47868113668798,"ARIMA(1,0,1)"
2024-01-22,S005,P0020,83.1789736961639,"ARIMA(1,0,1)"
2024-01-23,S005,P0020,83.82664291393233,"ARIMA(1,0,1)"
2024-01-24,S005,P0020,84.42564316028466,"ARIMA(1,0,1)"
2024-01-25,S005,P0020,84.97963165516236,"ARIMA(1,0,1)"
2024-01-26,S005,P0020,85.49199079745952,"ARIMA(1,0,1)"
2024-01-27,S005,P0020,85.9658488163944,"ARIMA(1,0,1)"
2024-01-28,S005,P0020,86.40409887103804,"ARIMA(1,0,1)"
2024-01-29,S005,P0020,86.80941671461252,"ARIMA(1,0,1)"
2024-01-30,S005,P0020,87.18427703140915,"ARIMA(1,0,1)"
